{
  "HOUSE": {
    "column_name": "real_estate_sub_type",
    "new_column_name": "individual",
    "csv_file_path": "data/house_data.csv",
    "new_alias_column_name": "alias",
    "alias_list": "real_estate_type"
  },
  "TRANSACTION": {
    "column_name": "transaction",
    "new_column_name": "individual",
    "csv_file_path": "data/transaction_data.csv",
    "new_alias_column_name": "alias",
    "alias_list": "transaction"
  },
  "PRICE": {
    "column_name": "price",
    "new_column_name": "individual",
    "csv_file_path": "data/price_data.csv",
    "new_alias_column_name": "alias",
    "alias_list": "price"
  },
  "AREA": {
    "column_name": "area",
    "new_column_name": "individual",
    "csv_file_path": "data/area_data.csv",
    "new_alias_column_name": "alias",
    "alias_list": "area"
  },
  "CITY": {
    "column_name": "city",
    "new_column_name": "individual",
    "csv_file_path": "data/city_data.csv",
    "new_alias_column_name": "alias",
    "alias_list": "city"
  },
  "DISTRICT": {
    "column_name": "district",
    "new_column_name": "individual",
    "csv_file_path": "data/district_data.csv",
    "new_alias_column_name": "alias",
    "alias_list": "district"
  },
  "WARD": {
    "column_name": "ward",
    "new_column_name": "individual",
    "csv_file_path": "data/ward_data.csv",
    "new_alias_column_name": "alias",
    "alias_list": "ward"
  },
  "STREET": {
    "column_name": "street",
    "new_column_name": "individual",
    "csv_file_path": "data/street_data.csv",
    "new_alias_column_name": "alias",
    "alias_list": "street"
  },
  "HOUSE_NUMBER": {
    "column_name": "house_number",
    "new_column_name": "individual",
    "csv_file_path": "data/house_number_data.csv",
    "new_alias_column_name": "alias",
    "alias_list": "house_number"
  },
  "POTENTIAL": {
    "column_name": "usage",
    "new_column_name": "individual",
    "csv_file_path": "data/potential_data.csv",
    "new_alias_column_name": "alias",
    "alias_list": "potential"
  },
  "BATH_ROOM": {
    "column_name": "bath_room",
    "new_column_name": "individual",
    "csv_file_path": "data/bath_room_data.csv",
    "new_alias_column_name": "alias",
    "alias_list": "bath_room"
  },
  "BED_ROOM": {
    "column_name": "bed_room",
    "new_column_name": "individual",
    "csv_file_path": "data/bed_room_data.csv",
    "new_alias_column_name": "alias",
    "alias_list": "bed_room"
  },
  "LIVING_ROOM": {
    "column_name": "living_room",
    "new_column_name": "individual",
    "csv_file_path": "data/living_room_data.csv",
    "new_alias_column_name": "alias",
    "alias_list": "living_room"
  },
  "DIRECTION": {
    "column_name": "direction",
    "new_column_name": "individual",
    "csv_file_path": "data/direction_data.csv",
    "new_alias_column_name": "alias",
    "alias_list": "direction"
  },
  "FLOOR": {
    "column_name": "floor",
    "new_column_name": "individual",
    "csv_file_path": "data/floor_data.csv",
    "new_alias_column_name": "alias",
    "alias_list": "floor"
  },
  "FLOOR_GAC": {
    "column_name": "floor_gac",
    "new_column_name": "individual",
    "csv_file_path": "data/floor_gac_data.csv",
    "new_alias_column_name": "alias",
    "alias_list": "floor_gac"
  },
  "FLOOR_TRET": {
    "column_name": "floor_tret",
    "new_column_name": "individual",
    "csv_file_path": "data/floor_tret_data.csv",
    "new_alias_column_name": "alias",
    "alias_list": "floor_tret"
  },
  "FLOOR_LUNG": {
    "column_name": "floor_lung",
    "new_column_name": "individual",
    "csv_file_path": "data/floor_lung_data.csv",
    "new_alias_column_name": "alias",
    "alias_list": "floor_lung"
  },
  "FLOOR_HAM": {
    "column_name": "floor_ham",
    "new_column_name": "individual",
    "csv_file_path": "data/floor_ham_data.csv",
    "new_alias_column_name": "alias",
    "alias_list": "floor_ham"
  },
  "FLOOR_BAN_CONG": {
    "column_name": "floor_ban_cong",
    "new_column_name": "individual",
    "csv_file_path": "data/floor_ban_cong_data.csv",
    "new_alias_column_name": "alias",
    "alias_list": "floor_ban_cong"
  },
  "FLOOR_SAN_THUONG": {
    "column_name": "floor_san_thuong",
    "new_column_name": "individual",
    "csv_file_path": "data/floor_san_thuong_data.csv",
    "new_alias_column_name": "alias",
    "alias_list": "floor_san_thuong"
  },
  "FRONT_LENGTH": {
    "column_name": "front_length",
    "new_column_name": "individual",
    "csv_file_path": "data/front_length_data.csv",
    "new_alias_column_name": "alias",
    "alias_list": "front_length"
  },
  "LEGAL": {
    "column_name": "legal",
    "new_column_name": "individual",
    "csv_file_path": "data/legal_data.csv",
    "new_alias_column_name": "alias",
    "alias_list": "legal"
  },
  "POSITION": {
    "column_name": "position",
    "new_column_name": "individual",
    "csv_file_path": "data/position_data.csv",
    "new_alias_column_name": "alias",
    "alias_list": "position"
  },
  "PROJECT_NAME": {
    "column_name": "project_name",
    "new_column_name": "individual",
    "csv_file_path": "data/project_name_data.csv",
    "new_alias_column_name": "alias",
    "alias_list": "project_name"
  },
  "ROAD_WIDTH": {
    "column_name": "road_width",
    "new_column_name": "individual",
    "csv_file_path": "data/road_width_data.csv",
    "new_alias_column_name": "alias",
    "alias_list": "road_width"
  },
  "SURROUNDING": {
    "column_name": "surrounding",
    "new_column_name": "individual",
    "csv_file_path": "data/surrounding_data.csv",
    "new_alias_column_name": "alias",
    "alias_list": "surrounding"
  }
}
