{
  "HOUSE_TRANSACTION_RELATION": {
    "link": "https://www.dropbox.com/s/dgpq4ppxyok02zh/HungThinhDB10K.csv?dl=1",
    "start_node": "House",
    "start_line": "line[5]",
    "end_node": "Transaction",
    "end_line": "line[3]",
    "relationship_name": "House_has_transaction"
  },
  "HOUSE_PRICE_RELATION": {
    "link": "https://www.dropbox.com/s/dgpq4ppxyok02zh/HungThinhDB10K.csv?dl=1",
    "start_node": "House",
    "start_line": "line[5]",
    "end_node": "Price",
    "end_line": "line[6]",
    "relationship_name": "House_has_price"
  },
  "HOUSE_AREA_RELATION": {
    "link": "https://www.dropbox.com/s/dgpq4ppxyok02zh/HungThinhDB10K.csv?dl=1",
    "start_node": "House",
    "start_line": "line[5]",
    "end_node": "Area",
    "end_line": "line[7]",
    "relationship_name": "House_has_area"
  },
  "HOUSE_CITY_RELATION": {
    "link": "https://www.dropbox.com/s/dgpq4ppxyok02zh/HungThinhDB10K.csv?dl=1",
    "start_node": "House",
    "start_line": "line[5]",
    "end_node": "City",
    "end_line": "line[8]",
    "relationship_name": "House_in_city"
  },
  "HOUSE_DISTRICT_RELATION": {
    "link": "https://www.dropbox.com/s/dgpq4ppxyok02zh/HungThinhDB10K.csv?dl=1",
    "start_node": "House",
    "start_line": "line[5]",
    "end_node": "District",
    "end_line": "line[9]",
    "relationship_name": "House_in_district"
  },
  "HOUSE_WARD_RELATION": {
    "link": "https://www.dropbox.com/s/dgpq4ppxyok02zh/HungThinhDB10K.csv?dl=1",
    "start_node": "House",
    "start_line": "line[5]",
    "end_node": "Ward",
    "end_line": "line[10]",
    "relationship_name": "House_in_ward"
  },
  "HOUSE_STREET_RELATION": {
    "link": "https://www.dropbox.com/s/dgpq4ppxyok02zh/HungThinhDB10K.csv?dl=1",
    "start_node": "House",
    "start_line": "line[5]",
    "end_node": "Street",
    "end_line": "line[11]",
    "relationship_name": "House_in_street"
  },
  "HOUSE_BATH_ROOM_RELATION": {
    "link": "https://www.dropbox.com/s/dgpq4ppxyok02zh/HungThinhDB10K.csv?dl=1",
    "start_node": "House",
    "start_line": "line[5]",
    "end_node": "Bath_room",
    "end_line": "line[14]",
    "relationship_name": "House_has_bath_room"
  },
  "HOUSE_BED_ROOM_RELATION": {
    "link": "https://www.dropbox.com/s/dgpq4ppxyok02zh/HungThinhDB10K.csv?dl=1",
    "start_node": "House",
    "start_line": "line[5]",
    "end_node": "Bed_room",
    "end_line": "line[15]",
    "relationship_name": "House_has_bed_room"
  },
  "HOUSE_LIVING_ROOM_RELATION": {
    "link": "https://www.dropbox.com/s/dgpq4ppxyok02zh/HungThinhDB10K.csv?dl=1",
    "start_node": "House",
    "start_line": "line[5]",
    "end_node": "Living_room",
    "end_line": "line[16]",
    "relationship_name": "House_has_living_room"
  },
  "HOUSE_DIRECTION_RELATION": {
    "link": "https://www.dropbox.com/s/dgpq4ppxyok02zh/HungThinhDB10K.csv?dl=1",
    "start_node": "House",
    "start_line": "line[5]",
    "end_node": "Direction",
    "end_line": "line[17]",
    "relationship_name": "House_has_direction"
  },
  "HOUSE_FLOOR_RELATION": {
    "link": "https://www.dropbox.com/s/dgpq4ppxyok02zh/HungThinhDB10K.csv?dl=1",
    "start_node": "House",
    "start_line": "line[5]",
    "end_node": "Floor",
    "end_line": "line[19]",
    "relationship_name": "House_has_floor"
  },
  "HOUSE_FLOOR_GAC_RELATION": {
    "link": "https://www.dropbox.com/s/dgpq4ppxyok02zh/HungThinhDB10K.csv?dl=1",
    "start_node": "House",
    "start_line": "line[5]",
    "end_node": "Floor_gac",
    "end_line": "line[20]",
    "relationship_name": "House_has_floor_gac"
  },
  "HOUSE_FLOOR_TRET_RELATION": {
    "link": "https://www.dropbox.com/s/dgpq4ppxyok02zh/HungThinhDB10K.csv?dl=1",
    "start_node": "House",
    "start_line": "line[5]",
    "end_node": "Floor_tret",
    "end_line": "line[21]",
    "relationship_name": "House_has_floor_tret"
  },
  "HOUSE_FLOOR_LUNG_RELATION": {
    "link": "https://www.dropbox.com/s/dgpq4ppxyok02zh/HungThinhDB10K.csv?dl=1",
    "start_node": "House",
    "start_line": "line[5]",
    "end_node": "Floor_lung",
    "end_line": "line[22]",
    "relationship_name": "House_has_floor_lung"
  },
  "HOUSE_FLOOR_HAM_RELATION": {
    "link": "https://www.dropbox.com/s/dgpq4ppxyok02zh/HungThinhDB10K.csv?dl=1",
    "start_node": "House",
    "start_line": "line[5]",
    "end_node": "Floor_ham",
    "end_line": "line[23]",
    "relationship_name": "House_has_floor_ham"
  },
  "HOUSE_FLOOR_BAN_CONG_RELATION": {
    "link": "https://www.dropbox.com/s/dgpq4ppxyok02zh/HungThinhDB10K.csv?dl=1",
    "start_node": "House",
    "start_line": "line[5]",
    "end_node": "Floor_ban_cong",
    "end_line": "line[24]",
    "relationship_name": "House_has_floor_ban_cong"
  },
  "HOUSE_FLOOR_SAN_THUONG_RELATION": {
    "link": "https://www.dropbox.com/s/dgpq4ppxyok02zh/HungThinhDB10K.csv?dl=1",
    "start_node": "House",
    "start_line": "line[5]",
    "end_node": "Floor_san_thuong",
    "end_line": "line[25]",
    "relationship_name": "House_has_floor_san_thuong"
  },
  "HOUSE_FRONT_LENGTH_RELATION": {
    "link": "https://www.dropbox.com/s/dgpq4ppxyok02zh/HungThinhDB10K.csv?dl=1",
    "start_node": "House",
    "start_line": "line[5]",
    "end_node": "Front_length",
    "end_line": "line[26]",
    "relationship_name": "House_has_front_length"
  },
  "HOUSE_LEGAL_RELATION": {
    "link": "https://www.dropbox.com/s/dgpq4ppxyok02zh/HungThinhDB10K.csv?dl=1",
    "start_node": "House",
    "start_line": "line[5]",
    "end_node": "Legal",
    "end_line": "line[27]",
    "relationship_name": "House_has_legal"
  },
  "HOUSE_POSITION_RELATION": {
    "link": "https://www.dropbox.com/s/dgpq4ppxyok02zh/HungThinhDB10K.csv?dl=1",
    "start_node": "House",
    "start_line": "line[5]",
    "end_node": "Position",
    "end_line": "line[29]",
    "relationship_name": "House_has_position"
  },
  "HOUSE_PROJECT_NAME_RELATION": {
    "link": "https://www.dropbox.com/s/dgpq4ppxyok02zh/HungThinhDB10K.csv?dl=1",
    "start_node": "House",
    "start_line": "line[5]",
    "end_node": "Project_name",
    "end_line": "line[30]",
    "relationship_name": "House_in_project"
  },
  "HOUSE_ROAD_WIDTH_RELATION": {
    "link": "https://www.dropbox.com/s/dgpq4ppxyok02zh/HungThinhDB10K.csv?dl=1",
    "start_node": "House",
    "start_line": "line[5]",
    "end_node": "Road_width",
    "end_line": "line[31]",
    "relationship_name": "House_has_road_width"
  },
  "HOUSE_SURROUNDING_RELATION": {
    "link": "https://www.dropbox.com/s/dgpq4ppxyok02zh/HungThinhDB10K.csv?dl=1",
    "start_node": "House",
    "start_line": "line[5]",
    "end_node": "Surrounding",
    "end_line": "line[32]",
    "relationship_name": "House_has_surrounding"
  },
  "HOUSE_POTENTIAL_RELATION": {
    "link": "https://www.dropbox.com/s/dgpq4ppxyok02zh/HungThinhDB10K.csv?dl=1",
    "start_node": "House",
    "start_line": "line[5]",
    "end_node": "Potential",
    "end_line": "line[33]",
    "relationship_name": "House_has_potential"
  },
  "STREET_WARD_RELATION": {
    "link": "https://www.dropbox.com/s/dgpq4ppxyok02zh/HungThinhDB10K.csv?dl=1",
    "start_node": "Street",
    "start_line": "line[11]",
    "end_node": "Ward",
    "end_line": "line[10]",
    "relationship_name": "Street_in_ward"
  },
  "STREET_DISTRICT_RELATION": {
    "link": "https://www.dropbox.com/s/dgpq4ppxyok02zh/HungThinhDB10K.csv?dl=1",
    "start_node": "Street",
    "start_line": "line[11]",
    "end_node": "District",
    "end_line": "line[9]",
    "relationship_name": "Street_in_district"
  },
  "STREET_CITY_RELATION": {
    "link": "https://www.dropbox.com/s/dgpq4ppxyok02zh/HungThinhDB10K.csv?dl=1",
    "start_node": "Street",
    "start_line": "line[11]",
    "end_node": "City",
    "end_line": "line[8]",
    "relationship_name": "Street_in_city"
  },
  "WARD_DISTRICT_RELATION": {
    "link": "https://www.dropbox.com/s/dgpq4ppxyok02zh/HungThinhDB10K.csv?dl=1",
    "start_node": "Ward",
    "start_line": "line[10]",
    "end_node": "District",
    "end_line": "line[9]",
    "relationship_name": "Ward_in_district"
  },
  "WARD_CITY_RELATION": {
    "link": "https://www.dropbox.com/s/dgpq4ppxyok02zh/HungThinhDB10K.csv?dl=1",
    "start_node": "Ward",
    "start_line": "line[10]",
    "end_node": "City",
    "end_line": "line[8]",
    "relationship_name": "Ward_in_city"
  },
  "DISTRICT_CITY_RELATION": {
    "link": "https://www.dropbox.com/s/dgpq4ppxyok02zh/HungThinhDB10K.csv?dl=1",
    "start_node": "District",
    "start_line": "line[9]",
    "end_node": "City",
    "end_line": "line[8]",
    "relationship_name": "District_in_city"
  }
}
