{
  "HOUSE_NODE": {
    "link": "https://www.dropbox.com/s/safuqktujru1ltg/house_data.csv?dl=1",
    "label": "House",
    "id": "ID",
    "name": "individual",
    "alias": "alias"
  },
  "TRANSACTION": {
    "link": "https://www.dropbox.com/s/077vtubqse26fnh/transaction_data.csv?dl=1",
    "label": "Transaction",
    "id": "ID",
    "name": "individual",
    "alias": "alias"
  },
  "PRICE": {
    "link": "https://www.dropbox.com/s/jizo5p3m0x4nsux/price_data.csv?dl=1",
    "label": "Price",
    "id": "ID",
    "name": "individual",
    "alias": "alias"
  },
  "AREA": {
    "link": "https://www.dropbox.com/s/1x3rvj3szza8vv5/area_data.csv?dl=1",
    "label": "Area",
    "id": "ID",
    "name": "individual",
    "alias": "alias"
  },
  "CITY_NODE": {
    "link": "https://www.dropbox.com/s/tesj1dnpmxodtxy/city_data.csv?dl=1",
    "label": "City",
    "id": "ID",
    "name": "individual",
    "alias": "alias"
  },
  "DISTRICT_NODE": {
    "link": "https://www.dropbox.com/s/5u13y315i7tml6m/district_data.csv?dl=1",
    "label": "District",
    "id": "ID",
    "name": "individual",
    "alias": "alias"
  },
  "WARD_NODE": {
    "link": "https://www.dropbox.com/s/cyzlllbs5x4lv13/ward_data.csv?dl=1",
    "label": "Ward",
    "id": "ID",
    "name": "individual",
    "alias": "alias"
  },
  "STREET_NODE": {
    "link": "https://www.dropbox.com/s/6kgamz4p0ot4ntf/street_data.csv?dl=1",
    "label": "Street",
    "id": "ID",
    "name": "individual",
    "alias": "alias"
  },
  "HOUSE_NUMBER_NODE": {
    "link": "https://www.dropbox.com/s/rk9m14wi9kon91y/house_number_data.csv?dl=1",
    "label": "House_number",
    "id": "ID",
    "name": "individual",
    "alias": "alias"
  },
  "POTENTIAL": {
    "link": "https://www.dropbox.com/s/tj9dahm2lsr26j3/potential_data.csv?dl=1",
    "label": "Potential",
    "id": "ID",
    "name": "individual",
    "alias": "alias"
  },
  "BATH_ROOM": {
    "link": "https://www.dropbox.com/s/n4eislvt94js2if/bath_room_data.csv?dl=1",
    "label": "Bath_room",
    "id": "ID",
    "name": "individual",
    "alias": "alias"
  },
  "BED_ROOM": {
    "link": "https://www.dropbox.com/s/j6yw93ku4ck4pjv/bed_room_data.csv?dl=1",
    "label": "Bed_room",
    "id": "ID",
    "name": "individual",
    "alias": "alias"
  },
  "LIVING_ROOM": {
    "link": "https://www.dropbox.com/s/nkoac8w0xuxw1b4/living_room_data.csv?dl=1",
    "label": "Living_room",
    "id": "ID",
    "name": "individual",
    "alias": "alias"
  },
  "DIRECTION": {
    "link": "https://www.dropbox.com/s/t7qzp8az3gd2dc1/direction_data.csv?dl=1",
    "label": "Direction",
    "id": "ID",
    "name": "individual",
    "alias": "alias"
  },
  "FLOOR": {
    "link": "https://www.dropbox.com/s/3956gio7xc2x41l/floor_data.csv?dl=1",
    "label": "Floor",
    "id": "ID",
    "name": "individual",
    "alias": "alias"
  },
  "FLOOR_GAC": {
    "link": "https://www.dropbox.com/s/dca9dipjpa70rnh/floor_gac_data.csv?dl=1",
    "label": "Floor_gac",
    "id": "ID",
    "name": "individual",
    "alias": "alias"
  },
  "FLOOR_TRET": {
    "link": "https://www.dropbox.com/s/w8qp7iih2wv6ktp/floor_tret_data.csv?dl=1",
    "label": "Floor_tret",
    "id": "ID",
    "name": "individual",
    "alias": "alias"
  },
  "FLOOR_LUNG": {
    "link": "https://www.dropbox.com/s/kaz7id95t2xvbic/floor_lung_data.csv?dl=1",
    "label": "Floor_lung",
    "id": "ID",
    "name": "individual",
    "alias": "alias"
  },
  "FLOOR_HAM": {
    "link": "https://www.dropbox.com/s/hmejmk8ldm53drw/floor_ham_data.csv?dl=1",
    "label": "Floor_ham",
    "id": "ID",
    "name": "individual",
    "alias": "alias"
  },
  "FLOOR_BAN_CONG": {
    "link": "https://www.dropbox.com/s/bdcqi7dd7lu2rw0/floor_ban_cong_data.csv?dl=1",
    "label": "Floor_ban_cong",
    "id": "ID",
    "name": "individual",
    "alias": "alias"
  },
  "FLOOR_SAN_THUONG": {
    "link": "https://www.dropbox.com/s/fx805vp7qcmsa4n/floor_san_thuong_data.csv?dl=1",
    "label": "Floor_san_thuong",
    "id": "ID",
    "name": "individual",
    "alias": "alias"
  },
  "FRONT_LENGTH": {
    "link": "https://www.dropbox.com/s/952ioqqhm349vsp/front_length_data.csv?dl=1",
    "label": "Front_length",
    "id": "ID",
    "name": "individual",
    "alias": "alias"
  },
  "LEGAL": {
    "link": "https://www.dropbox.com/s/j2b7vekwyok4vka/legal_data.csv?dl=1",
    "label": "Legal",
    "id": "ID",
    "name": "individual",
    "alias": "alias"
  },
  "POSITION": {
    "link": "https://www.dropbox.com/s/bug174fh87oljkm/position_data.csv?dl=1",
    "label": "Position",
    "id": "ID",
    "name": "individual",
    "alias": "alias"
  },
  "PROJECT_NAME": {
    "link": "https://www.dropbox.com/s/awotj6iqs8d3ipe/project_name_data.csv?dl=1",
    "label": "Project_name",
    "id": "ID",
    "name": "individual",
    "alias": "alias"
  },
  "ROAD_WIDTH": {
    "link": "https://www.dropbox.com/s/vf1bv2fqilkvmw5/road_width_data.csv?dl=1",
    "label": "Road_width",
    "id": "ID",
    "name": "individual",
    "alias": "alias"
  },
  "SURROUNDING": {
    "link": "https://www.dropbox.com/s/cf9w1gq48cejk2o/surrounding_data.csv?dl=1",
    "label": "Surrounding",
    "id": "ID",
    "name": "individual",
    "alias": "alias"
  }
}
