Unnamed: 0,individual,alias
3,o,tiềm năng
4,"chdv, thue",triển vọng
6,"o, biet thu, van phong dai dien, kinh doanh, dau tu, kho",mục đích
10,"xay nha, dau tu, biet thu",tiềm năng thế nào
12,"kinh doanh, o",tiềm năng như thế nào
15,"khach san, van phong",tiềm năng ntn
20,kinh doanh,tiềm năng tn
22,van phong,tiềm năng dc gì
23,dau tu,tiềm năng được gì
30,"cho thue, can ho",tiềm năng gì
31,"dau tu, o",tiềm năng ?
37,coffee,khả năng thế nào
39,"xay van phong, toa nha van phong, sieu thi",khả năng như thế nào
40,"kinh doanh, cho thue",khả năng ntn
46,"dau tu, xay dung",khả năng tn
53,chdv,khả năng dc gì
56,homestay,khả năng được gì
67,"xay nha, dau tu, o",khả năng gì
69,"dau tu, nghi duong, lam khach san",khả năng ?
70,xay nha,triển vọng thế nào
78,cho thue,triển vọng như thế nào
80,"kinh doanh, van phong",triển vọng ntn
81,"xay o, cho thue",triển vọng tn
85,"kinh doanh, lam van phong",triển vọng dc gì
92,"xay nha, dau tu",triển vọng được gì
113,nghi duong,triển vọng gì
114,"xay biet thu, dau tu",triển vọng ?
116,"o, dau tu, nghi duong, quan an",phù hợp thế nào
131,"sinh song, xay biet thu, kinh doanh, lam van phong, o",phù hợp như thế nào
142,"dich vu an uong, dau tu",phù hợp ntn
145,"lam van phong, buon ban",phù hợp tn
148,"kinh doanh, sinh song",phù hợp dc gì
156,"sieu thi, cho thue",phù hợp được gì
171,dinh cu,phù hợp gì
173,"cho thue, o, nghi duong",phù hợp ?
175,"cafe, kinh doanh, o, khach san",thuận lợi thế nào
184,"xay chdv, xay cao oc, khach san",thuận lợi như thế nào
185,"cho thue, lam van phong, van phong, dau tu, mo tiem",thuận lợi ntn
187,"dich vu, spa, kinh doanh, vp, o",thuận lợi tn
190,"xay nha, kinh doanh, cho thue",thuận lợi dc gì
194,"o, cho thue, xay o",thuận lợi được gì
195,"xay dung cao oc, shop online, chdv, spa, cho thue, vp, o",thuận lợi gì
201,"dich vu an uong, kinh doanh, dau tu",thuận lợi ?
205,"kinh doanh, dinh cu, cho thue",thuận tiện thế nào
207,"o, kinh doanh, spa, vp",thuận tiện như thế nào
208,"o, cho thue, can ho dich vu",thuận tiện ntn
215,"chdv, cho thue",thuận tiện tn
216,xay lai,thuận tiện dc gì
217,"o, cho thue",thuận tiện được gì
227,"tru so cong ty, xay dung cao oc, nha hang, kinh doanh, van phong, cafe, karaoke, lop hoc, o",thuận tiện gì
229,"kinh doanh, buon ban",thuận tiện ?
236,"cafe, o, cho thue, dau tu",dùng thế nào
243,"kho, xay lai",dùng như thế nào
244,"van phong dai dien, kinh doanh, lam an",mục đích sử dụng thế nào
247,"kinh doanh, o, cho thue, spa lam dep",mục đích sử dụng như thế nào
252,"kinh doanh, mo van phong, nha xuong",mục đích gì
255,"kinh doanh, o, ngan hang thue, nha xuong",mục đích ?
260,"xay nha, kinh doanh",làm dc gì
262,"kinh doanh, van phong, mo van phong, cho thue",làm được gì
287,"kdbb, kho xuong, kd",để làm thế nào
288,"xay can ho dich vu, building van phong, dau tu, tra sua",để làm ntn
289,dich vu an uong,để làm dc gì
302,xay can ho dich vu,để làm được gì
305,"kinh doanh, buon ban, cho thue",để làm gì
310,"dau tu, nghi duong",cho việc gì
311,"xay nha, dau tu, cho thue",cho mục đích thế nào
313,"xay tro, dau tu, o",cho mục đích như thế nào
319,"tru so cong ty, an uong, trung tam dao tao, spa, cho thue, kinh doanh, kinh doanh cafe, vp, benh vien, sieu thi, khach san, dau tu",cho mục đích ntn
320,xay dung cao oc,cho mục đích gì
322,"mo cua hang, kinh doanh, dau tu, o, cong ty",tiem nang the nao
348,"cho thue, khach san, van phong, chdv",tiem nang nhu the nao
360,"lam an, o, mo truong, dau tu",tiem nang ntn
380,"van phong, o, phong kham",tiem nang tn
389,"dau tu, o, cho thue",tiem nang dc gi
391,"khach san, dau tu, o, homestay",tiem nang duoc gi
395,"van phong, o, tiem toc, spa",tiem nang gi
401,"kinh doanh, o, cho thue, dau tu",tiem nang ?
410,"cho thue, kinh doanh online",kha nang the nao
415,", nghi duong, biet thu, homestay",kha nang nhu the nao
418,"kinh doanh, o, cho thue",kha nang ntn
423,"cafe, kinh doanh, o",kha nang tn
424,"khach san, kinh doanh, vp",kha nang dc gi
436,"dich vu an uong, dau tu, cho thue",kha nang duoc gi
438,xay dung,kha nang gi
442,"kinh doanh, lam van phong, spa",kha nang ?
446,"kinh doanh, dau tu, nghi duong",trien vong the nao
458,"nha tro, lam an, nha hang, kinh doanh, dau tu",trien vong nhu the nao
460,"showroom, mo cong ty",trien vong ntn
466,"o, can ho",trien vong tn
468,"thue, dau tu",trien vong dc gi
492,"kinh doanh, o, dau tu",trien vong duoc gi
498,"toa nha van phong, cho thue",trien vong gi
504,"o, van phong",trien vong ?
510,"mo van phong, kinh doanh, dich vu an uong, dau tu, cong ty",phu hop the nao
518,"kinh doanh, xay toa nha, lam van phong",phu hop nhu the nao
520,"spa, cho thue, ngan hang, kinh doanh, van phong, showroom, khach san, lop hoc, phong kham",phu hop ntn
522,"kinh doanh, dau tu, xay nha",phu hop tn
523,thue,phu hop dc gi
529,"kinh doanh, lam khach san",phu hop duoc gi
535,vp,phu hop gi
539,"kinh doanh, nghi duong",phu hop ?
543,"nha tro, kinh doanh, quan an",thuan loi the nao
554,"dau tu, dinh cu",thuan loi nhu the nao
561,nha khoa,thuan loi ntn
576,"o, nghi duong",thuan loi tn
600,"toa nha van phong, nha hang, khach san",thuan loi dc gi
601,"lam van phong, o, cho thue, xay o",thuan loi duoc gi
615,"kinh doanh, xay dung cao oc, dau tu",thuan loi gi
616,"xay biet thu, dau tu, dinh cu",thuan loi ?
623,"xay nha, nha hang, khach san",thuan tien the nao
628,"kinh doanh, quan an",thuan tien nhu the nao
632,"xay phong tro, cho thue",thuan tien ntn
633,"kinh doanh, sieu thi, cho thue",thuan tien tn
675,"phong kham, cho thue",thuan tien dc gi
678,"thue, dau tu, cho thue",thuan tien duoc gi
695,"mua ban, dau tu",thuan tien gi
697,"kinh doanh, mo phong kham, cho thue",thuan tien ?
703,"dau tu, quan an",dung the nao
708,"dich vu, lam khach san, van phong, o",dung nhu the nao
740,nha hang,muc dich su dung the nao
741,"khach san, cafe, xay building, nha hang",muc dich su dung nhu the nao
743,"nghi duong, cho thue, xay cao oc",muc dich gi
752,"van phong, cho thue, trung tam thuong mai",muc dich ?
755,"nha khoa, cho thue, lam vp, kinh doanh, mo spa, kd",lam dc gi
760,"kinh doanh, dau tu, o",lam duoc gi
762,"kinh doanh, xay khach san, villa biet thu, homestay",de lam the nao
778,"sinh song, o, dau tu",de lam ntn
780,"spa, in theu, kinh doanh, van phong, nha nghi, khach san, phong kham",de lam dc gi
785,"kinh doanh, can ho dich vu",de lam duoc gi
790,"kinh doanh, o, buon ban",de lam gi
795,"thue, quan ca phe, cho thue",cho viec gi
799,"o, xay cao oc",cho muc dich the nao
801,"o, nha khoa",cho muc dich nhu the nao
809,"nha tro, ngan hang thue, kinh doanh, kd, quan an",cho muc dich ntn
815,"kinh doanh, cho thue, mo phong mach, cua hang",cho muc dich gi
818,"kinh doanh, lam vp",
830,truong tu thuc,
846,"xay nha, dich vu an uong",
851,"xay nha, kinh doanh, nghi duong, cho thue",
853,"kinh doanh, truong mam non, cho thue, dau tu",
861,"dau tu, o, sieu thi",
866,"xay biet thu, thue, o, cho thue",
871,"cho thue, dau tu, o, lam van phong",
875,"kinh doanh online, lam van phong, xay o",
879,"dau tu, sinh song",
884,xay cao oc,
894,"khach san, dau tu, biet thu",
901,cao oc,
904,"kinh doanh, xay cao oc",
905,"xay nha, kinh doanh, o",
915,"nha xuong, villa biet thu, homestay",
923,"xay van phong, o, cho thue",
924,"toa nha van phong, kinh doanh, showroom, biet thu",
927,"kinh doanh, dinh cu, dau tu",
929,"nghi duong, dinh cu, cho thue, homestay, dau tu",
930,"xay van phong, o, buon ban, cho thue",
934,"dich vu, kinh doanh, nha nghi",
936,sinh song,
939,", cho thue, kinh doanh, karaoke, o",
946,"shop, o",
962,"dau tu, o, cty",
963,"xay biet thu, nghi duong, xuong may",
975,"xay o, cho thue, dau tu, o, trung tam anh ngu",
976,"nghi duong, nha xuong, dau tu, o, mo truong",
977,"kinh doanh, dau tu, cho thue",
978,"kinh doanh, spa, can ho",
987,"van phong dai dien, kinh doanh",
991,"kinh doanh khach san, dau tu, buon ban, dich vu",
996,"cho thue, kinh doanh, mo van phong, xay dung cao oc",
997,"kinh doanh, van phong, cho thue",
998,"lam van phong, o",
1002,"tru so cong ty, xay nha, nghi duong, homestay, kho",
1003,"van phong, can ho dv, xay khach san",
1004,"buon ban, cua hang, kinh doanh, xay cao oc, trung tam thuong mai, dau tu, o",
1009,"khach san, cho thue, ngan hang",
1016,"an uong, cafe, kinh doanh, van phong, o",
1021,"kinh doanh, o, xay khach san",
1032,"o, dau tu, xay lai, lam van phong",
1036,"ban hang online, cho thue, kinh doanh, sieu thi, phong kham",
1038,"dau tu, lam nha hang, cho thue, homestay",
1041,"kinh doanh, dau tu",
1042,mo truong,
1047,"van phong, buon ban, cong ty, o, kinh doanh",
1048,"van phong, tap hoa, an uong, o, kinh doanh",
1049,"xay chdv, toa nha van phong, thue",
1050,"van phong, o, kinh doanh",
1055,"sieu thi, kinh doanh",
1058,"truong hoc, dau tu, nha hang",
1067,"phong kham, lam van phong",
1068,"o, kinh doanh",
1070,"van phong, spa, nha hang, nha thuoc, trung tam dao tao, kinh doanh",
1071,"cong ty chuyen phat nhanh, shop",
1075,"shop, kinh doanh online",
1077,"o, cho thue, kinh doanh",
1085,biet thu,
1088,"kinh doanh khach san, can ho dich vu",
1091,"kinh doanh, spa, lam van phong",
1093,"cho thue, kinh doanh",
1098,"van phong, massage, o, kinh doanh",
1100,"dau tu, nha hang, cho thue",
1112,"van phong, kinh doanh",
1117,"o, kinh doanh, dich vu",
1129,"xay tro, tap hoa, kd, o, vp, cho thue",
1132,"mo truong, quan an",
1134,"phong kham, van phong, khach san, spa, kinh doanh",
1151,"dau tu, o, kinh doanh",
1152,"nha hang, dau tu, o",
1154,"dau tu, toa nha van phong",
1155,"dau tu, dich vu an uong",
1163,"kd, o",
1167,"dau tu, xay dung, kinh doanh",
1172,"van phong, trung bay san pham, o, cho thue, kinh doanh",
1174,"dau tu, mo vp, xay nha, kinh doanh",
1175,"dau tu, cho thue",
1178,"nha xuong, o",
1187,"khach san, kinh doanh",
1194,"nghi duong, khach san, dau tu, dich vu, homestay",
1196,"cho thue, thue, kinh doanh",
1199,"o, thue, kinh doanh",
1201,trung tam thuong mai,
1209,xay o,
1223,"cho thue, o, kinh doanh",
1225,shop,
1229,"nha khoa, buon ban, dau tu, o, cho thue, kinh doanh",
1231,"cho thue, o, lam van phong, kinh doanh",
1235,"o, villa biet thu",
1237,"kd, cho thue",
1256,"dau tu, xay dung, o",
1270,"xay cao oc, o, kinh doanh",
1272,kinh doanh khach san,
1273,kinh doanh spa,
1281,"khach san, xay nha",
1282,"lam cong ty, dau tu, o",
1283,"nha nghi, mua ban, nha tro, o, kinh doanh",
1284,"o, lam vp, kinh doanh cafe",
1296,khach san,
1300,"truong anh ngu, dich vu an uong",
1304,"phong tro, dau tu",
1306,"dau tu, xay nha, biet thu",
1317,"kinh doanh khach san, dinh cu, homestay",
1321,"cho thue, xay dung cao oc, dau tu, o, kinh doanh",
1322,"cho thue, o",
1323,"cho thue, o, mua ban, kinh doanh",
1324,"o, lam an",
1327,"van phong, karaoke, mo showroom, dich vu",
1339,"dau tu, cho thue, sieu thi",
1341,"van phong, o",
1351,"cho thue, o, toa nha van phong, kinh doanh",
1352,"xay tro, sieu thi mini",
1359,", trung bay san pham",
1361,"dau tu, thue",
1376,"dau tu, nha hang",
1385,"kinh doanh online, xay nha, van phong dai dien",
1387,"cong ty, van phong, kinh doanh",
1389,"o, dau tu, cho thue, kinh doanh",
1393,", o",
1399,"dau tu, kinh doanh",
1402,"van phong, mo spa, tiem toc, kinh doanh",
1403,"toa nha, kinh doanh",
1429,"dau tu, xay nha",
1431,xay dung khach san,
1438,"buon ban, quan an, kinh doanh",
1443,"buon ban, cho thue",
1450,"kinh doanh khach san, quan an, ca phe, homestay",
1452,xay tro,
1453,"van phong, xay can ho dich vu, xay biet thu, dau tu, o, nha xuong, cho thue",
1456,xay building,
1457,"xay lai, nha hang, thue, xay nha, o",
1462,"buon ban, nghi duong, dinh cu, kinh doanh",
1464,"van phong, khach san, spa",
1466,"cong ty, cho thue, kinh doanh",
1467,"spa, o, kinh doanh",
1469,"xay khach san, nghi duong, dau tu, o",
1470,"nghi duong, dau tu, cho thue, kinh doanh",
1478,"o, sinh song",
1488,"o, nghi duong, vp, khach san",
1489,"dau tu, nha hang, o",
1490,"o, lam van phong, mua ban",
1495,"nha hang, dau tu",
1496,"buon ban, xay tro",
1518,"xay o, kinh doanh",
1522,"o, lam van phong",
1526,ban hang online,
1531,"xay khach san, nha hang",
1533,"xay tro, dau tu, xay dung, kinh doanh",
1534,kho xuong,
1537,"buon ban, o",
1541,"xay dung cao oc, kinh doanh",
1549,"an uong, dich vu an uong, o",
1552,xuong may,
1554,"cho thue, dau tu, o, kinh doanh",
1555,"van phong, cho thue, cua hang, kinh doanh, o, kinh doanh online",
1559,"mo truong, xay lai",
1569,"o, xay biet thu",
1570,"xay khach san, nha hang, spa",
1571,"kho, ngan hang thue, nha xuong, o, kinh doanh",
1573,"cho thue, dich vu, o, kinh doanh",
1582,"spa, chdv, ngan hang thue, kinh doanh, tiem thuoc tay, vp cong ty, mat bang, phong mach",
1585,"dau tu, lam van phong, dich vu an uong, kinh doanh, cho thue, cua hang dien thoai",
1589,"phong kham, van phong, nha khoa, o, kinh doanh",
1596,"nha hang, dau tu, homestay",
1597,"dau tu, o, shop, kinh doanh",
1602,"nghi duong, dau tu",
1606,"xay dung cao oc, van phong",
1613,"o, thue",
1617,"dau tu, cho thue, thue",
1642,"nha hang, lam van phong, spa",
1647,"xay dung cao oc, kho",
1649,"van phong, xay biet thu, can ho dich vu",
1652,"lam van phong, sinh song",
1666,"lam vpcty, o",
1672,"spa, kinh doanh",
1675,"cong ty, nha xuong, dich vu an uong",
1679,"dau tu, lam vp, kinh doanh",
1681,mo van phong cty,
1683,"buon ban, mo van phong, o",
1701,"khach san, spa, toa nha van phong, cho thue, kinh doanh",
1702,"cong ty, tham my vien, khach san, van phong dai dien",
1705,"nghi duong, nha hang, mo quan, homestay, kinh doanh",
1706,"mo truong, dau tu",
1713,"dau tu, mua ban",
1718,"cho thue, dau tu, o",
1719,"nghi duong, dau tu, cho thue, thue",
1727,"kinh doanh khach san, toa nha, xay biet thu",
1743,"nghi duong, o, xay biet thu, homestay",
1747,"nghi duong, o, thue",
1748,"buon ban, kinh doanh",
1749,"phong kham, khach san, xay dung cao oc, mo vpct, xay building, lam van phong",
1750,"o, can ho dich vu, cho thue",
1761,"o, homestay",
1764,"lam nha hang, khach san",
1769,"nghi duong, chdv",
1772,"mo shop, quan an, homestay",
1773,"van phong, cho thue, kinh doanh",
1778,"khach san, lam van phong, chdv",
1781,"dau tu, o, dich vu an uong, mua ban",
1783,"nha nghi, nghi duong, nha hang, dau tu, kinh doanh",
1786,buon ban,
1803,"xay dung cao oc, quan an, dau tu, can ho",
1805,"buon ban, chdv, kinh doanh",
1815,"xay tro, o",
1816,"cho thue, lam van phong",
1817,"mo van phong, o",
1827,"nha xuong, o, lam van phong",
1831,"nha nghi, trung tam thuong mai, cong ty, dau tu, shop, dich vu, kinh doanh",
1835,"lam xuong may, kho",
1838,"thue, xay biet thu",
1842,"phong kham, nha thuoc, cho thue, mo spa",
1847,"xay o, dau tu, cho thue, kinh doanh",
1859,"xay cao oc, cho thue",
1861,"cho thue, dinh cu, o, kinh doanh",
1865,"xay dung cao oc, chdv, o, cho thue, kinh doanh",
1868,"tham my vien, van phong, ngan hang, cho thue, kinh doanh",
1869,"mo van phong, spa, buon ban, cho thue, kinh doanh",
1872,"xay biet thu, dau tu, nghi duong",
1884,"kinh doanh, phong kham, lam cong ty, quan an",
1887,"cho thue, kinh doanh, lam van phong, dau tu, mo cong ty",
1888,", dau tu",
1892,lam vp,
1899,"xay tro, o, lam van phong cty",
1900,"dau tu, o, mo nha hang",
1901,"dich vu, , cho thue, kinh doanh, van phong, trung tam thuong mai, dau tu, o",
1916,"mo truong, san xuat, xay dung, kho, dau tu, kd",
1924,"xay biet thu, dau tu, o, xay khach san",
1925,xay nha tro,
1940,"dich vu, truong tu thuc, an uong, lam xuong may, san xuat, kinh doanh, lam kho",
1945,"van phong, mo shop",
1947,"kinh doanh, san xuat, trung tam thuong mai",
1962,"xay biet thu, kho xuong, cong ty",
1964,"cafe, kinh doanh",
1971,"o, kinh doanh, van phong, lam cong ty",
1973,"xay nha, nghi duong",
1979,"buon ban, nghi duong, nha hang, nha xuong, dau tu, o",
1983,"tap hoa, kinh doanh, o, ban hang online",
1985,"chdv, homestay, xay biet thu",
1989,"sinh song, kinh doanh, o, cho thue",
1992,"can ho dich vu, villa biet thu",
2001,san xuat,
2012,"xay nha, dau tu, o, lam van phong",
2013,"nghi duong, kinh doanh, nha xuong, dau tu, o",
2015,lam khach san,
2016,"kinh doanh, dau tu, nghi duong, xay nha",
2033,"dau tu, xay nha tro",
2034,"kinh doanh, san xuat, kho chua hang",
2039,"kinh doanh, cao oc",
2042,"dau tu, o, cao oc",
2043,"cua hang, kinh doanh, van phong, o, kho hang",
2046,"kinh doanh, o, xay cao oc",
2060,"kinh doanh, dau tu, o, nghi duong",
2061,"xay can ho dich vu, xay nha",
2067,"thue, kinh doanh, van phong, dau tu, o",
2089,"kinh doanh, xay dung cao oc, can ho dich vu",
2112,"cho thue, nghi duong, buon ban, ngan hang thue",
2119,"tap hoa, cafe, kinh doanh, dau tu, o, quan an",
2121,"kinh doanh, van phong, cho thue, lam vp",
2124,"xay biet thu, o, nha nghi, homestay",
2135,"vp - cty, nha hang, kinh doanh, o, quan an",
2142,"kinh doanh, dau tu, o, mo van phong",
2145,"chdv, o, lam vp",
2150,"dich vu, kinh doanh, dau tu",
2155,"van phong, cho thue",
2163,"ngan hang thue, lam vp, cong ty",
2182,"kinh doanh, dinh cu, buon ban, vp",
2190,"mua ban, lam van phong, o",
2198,"xay dung, biet thu, cho thue",
2214,"xay tro, kinh doanh, o, dau tu",
2223,"tra sua, nghi duong, cho thue, quan ca phe, o",
2224,"dau tu, sieu thi",
2225,"cho thue, nha xuong, chua hang",
2234,"khach san, kinh doanh, ngan hang",
2243,"dich vu an uong, dau tu, o",
2246,"kinh doanh, dau tu, o, kd",
2251,"mua ban, o, an uong",
2252,"o, cho thue, toa nha",
2278,"kinh doanh, lam van phong, o",
2283,"van phong, dinh cu",
2287,"nghi duong, cho thue",
2299,"thue, kinh doanh",
2304,lam van phong,
2308,"xay can ho dich vu, van phong",
2312,"kinh doanh, lam van phong, van phong, dau tu, o",
2313,"dau tu, xay nha tro, kinh doanh",
2314,"mo truong, kinh doanh",
2315,"cho thue, o, thue, kinh doanh",
2316,"o, van phong, cho thue, kinh doanh",
2321,"an uong, khach san, kinh doanh",
2324,"nghi duong, nha hang, o, dau tu",
2336,"van phong, can ho",
2341,"can ho dich vu, o",
2346,"lam cong ty, van phong, kinh doanh",
2357,"xay can ho dich vu, cao oc, van phong",
2365,"dau tu, khach san, nghi duong",
2368,"dau tu, o, xay nha",
2369,"tham my vien, phong kham, van phong, trung tam anh ngu, kd, kinh doanh",
2370,"mo quan, kinh doanh",
2371,"o, shop",
2379,"nghi duong, o",
2392,"o, van phong, thue",
2397,"kinh doanh, homestay",
2399,"van phong, cho thue, o",
2401,"cho thue, khach san, kinh doanh",
2402,"o, lam kho",
2404,"phong kham, o, lam vp",
2411,"xay tro, can ho dich vu, cho thue",
2417,"lam cong ty, o, lam van phong",
2424,"dau tu, o, lam van phong, kinh doanh",
2441,"nha tro, kinh doanh",
2453,"buon ban, xay nha tro, kinh doanh",
2466,", cho thue, kinh doanh",
2472,"cho thue, xay cao oc, o, kinh doanh",
2481,spa,
2503,"van phong, cho thue, xay phong tro, o, kinh doanh",
2511,"lam khach san, cong ty chuyen phat nhanh, kho xuong",
2512,"xay khach san, nha hang, o, dich vu",
2528,"dau tu, chdv",
2530,"buon ban, dau tu, kinh doanh",
2531,"dau tu, cho thue, nghi duong",
2532,"xay nha tro, kinh doanh",
2533,"xay tro, kinh doanh",
2539,"o, dau tu, cho thue, chdv",
2546,"buon ban, ban hang online, kinh doanh",
2554,"can ho dich vu, cho thue, khach san",
2566,"nghi duong, dau tu, kinh doanh",
2570,"lam showroom, van phong",
2578,"nghi duong, lam vp",
2579,"dau tu, o, xay dung, cho thue, kinh doanh",
2585,"tra sua, nghi duong, quan ca phe",
2599,"cho thue, van phong, o",
2601,"xay khach san, kinh doanh, homestay",
2603,"dau tu, cong ty chuyen phat nhanh, o, cho thue, kinh doanh",
2604,"dau tu, khach san, homestay",
2607,"nghi duong, dau tu, o, homestay",
2609,"van phong, spa, dinh van phong, lop hoc, kinh doanh online",
2610,"cho thue, spa, lam van phong, kinh doanh, o, homestay",
2615,"cho thue, van phong, o, xay biet thu",
2617,sieu thi,
2619,"xay dung cao oc, dau tu",
2639,"nha hang, xay nha, homestay",
2650,"mo truong, khach san, kinh doanh",
2656,"cho thue, o, kinh doanh online",
2666,"lam spa, o, kinh doanh",
2681,cong ty,
2685,"lam xuong may, dau tu, o, kinh doanh",
2688,"benh vien, toa nha van phong, spa",
2689,"cho thue, thue",
2714,"khach san, can ho dich vu, thue, toa nha van phong",
2722,"mua ban, dau tu, nha tro, xay nha, cho thue",
2725,"phong kham, o, toa nha van phong",
2729,"van phong, can ho dich vu, kinh doanh",
2748,"dau tu, dinh cu, cho thue",
2749,"kinh doanh khach san, cho thue, o, kinh doanh",
2756,"van phong, can ho dich vu, xay building",
2763,quan an,
2765,"van phong, khach san",
2779,"xay dung cao oc, o",
2782,"xay can ho dich vu, cty, mo van phong, khach san",
2783,"buon ban, dau tu, xay nha tro",
2788,"buon ban, o, kinh doanh",
2793,"mo truong, lam an",
2808,"ngan hang, cho thue, khach san",
2814,"o, kinh doanh online",
2819,"nha hang, o",
2834,"lam vp, van phong dai dien",
2839,"xay cao oc, kinh doanh",
2847,"lam cong ty, cho thue, o, buon ban online",
2851,"dau tu, coffee",
2854,"cho thue, mua ban",
2861,"xay dung, kinh doanh",
2867,"cho thue, o, chdv",
2873,"cho thue, van phong, o, kinh doanh",
2881,"nha hang, shop thoi trang, nghi duong",
2893,"karaoke, van phong, ca phe, lam spa, kinh doanh",
2895,"kinh doanh online, o, kinh doanh",
2904,"xay tro, dau tu, sieu thi",
2915,"kinh doanh khach san, nha hang, cho thue, mo cong ty",
2919,"phong kham, mo van phong, cong ty, shop, o, kinh doanh",
2926,"cho thue, thoi trang, kinh doanh",
2928,"van phong, cho thue, lam van phong, kinh doanh",
2934,"buon ban, o, kd online",
2939,"nha hang, xay dung khach san, homestay",
2945,"buon ban, mo cong ty",
2948,"nghi duong, kinh doanh",
2950,"truong hoc, o",
2953,"phong kham, van phong, spa, dau tu, kinh doanh",
2964,"xay tro, van phong, lam van phong cty, dau tu, cho thue, kinh doanh",
2973,"tham my vien, van phong, spa, tham my, cho thue",
2982,"kinh doanh khach san, dich vu, kinh doanh online",
2991,"van phong, lam van phong, kinh doanh",
2993,"dau tu, shop thoi trang, o, xay nha",
3001,"karaoke, xay can ho dich vu, phong tro, kho, xay nha, o",
3027,"biet thu, nha hang, ban hang online, kinh doanh",
3033,"can ho dv, cafe, cua hang, nha xuong, ban hang online, kinh doanh",
3041,"xay can ho dich vu, biet thu",
3049,"o, lam cty",
3051,"mat bang, kinh doanh",
3052,"coffee, spa, lam khach san, nha hang, o",
3061,"karaoke, khach san, showroom, gym, vp cong ty, kinh doanh",
3089,"mo vp, kinh doanh",
3090,toa nha van phong,
3094,"xay cao oc, xay biet thu",
3118,"cho thue, lam tai san, o, sieu thi",
3129,"o, kho xuong, lam van phong",
3152,"mo truong, kinh doanh, dich vu",
3161,"o, lam an, kinh doanh",
3171,"o, lam van phong, kinh doanh",
3173,"dau tu, lam van phong, xay dung, o, trung tam dao tao",
3176,"tap hoa, dau tu, khach san",
3185,"lam van phong, spa",
3214,"cao oc, dau tu, o, kho chua hang",
3216,"lam cong ty, cho thue, o, kinh doanh",
3220,"xay dung building, khach san",
3226,"homestay, dau tu, xay dung, biet thu",
3235,"nghi duong, xay dung, dau tu",
3242,cty,
3246,"khach san, dich vu",
3249,"xay khach san, dau tu, o, cho thue",
3253,"o, lam van phong, dich vu an uong",
3270,"cho thue, kinh doanh spa, spa",
3277,can ho dich vu,
3280,xay biet thu,
3295,"trung tam thuong mai, kinh doanh",
3311,"xay dung cao oc, buon ban, dau tu, o",
3327,"nha khoa, dinh cu, kinh doanh",
3332,kinh doanh online,
3336,"toa nha van phong, kinh doanh",
3363,"xay o, o, lam van phong, kinh doanh",
3374,"mo truong, o, kinh doanh, xuong may",
3387,"dich vu, chdv",
3442,"sieu thi, tru so cong ty, spa, trung tam dao tao, lam van phong, lop hoc, cho thue, kinh doanh",
3443,"dau tu, kho xuong",
3446,"an uong, vp cty",
3450,"vphong, sieu thi, tru so cong ty, spa, trung tam dao tao, lam van phong, lop hoc, cho thue, kinh doanh",
3462,"mo quan cafe, lam van phong",
3463,"cho thue, dinh cu, o, nghi duong",
3471,"mo cong ty, spa",
3480,"o, dau tu, cho thue",
3482,"cong ty, nghi duong, o, lam van phong",
3488,"cong ty, o, lam van phong",
3489,"nha nghi, nha hang, cho thue, kinh doanh",
3496,"o, cho thue, spa",
3501,"kho, o",
3525,"ngan hang, khach san, xay toa nha",
3528,"vp, cho thue, lam an",
3529,toa nha,
3556,"dau tu, o, lam van phong, quan cafe",
3560,"van phong, thue, mua ban, dich vu",
3563,"van phong, cho thue, tham my, can ho",
3574,"sieu thi, dau tu, o, cho thue, kinh doanh",
3576,"dinh cu, cho thue",
3585,"o, sieu thi mini",
3590,"dau tu, kinh doanh, spa",
3593,"tiem toc, kinh doanh",
3595,"cong ty, van phong, o, lam vp",
3596,"cong ty, cho thue, toa nha, kinh doanh",
3605,"buon ban, nghi duong, cho thue",
3611,"xay can ho dich vu, cho thue, xay biet thu",
3612,"mo van phong, o, kinh doanh",
3618,"sieu thi, o, lam van phong, in theu",
3634,"dich vu, kinh doanh",
3643,"dau tu, cho thue, xay nha, kinh doanh",
3647,"kinh doanh, mua ban",
3651,"kd, o, spa",
3660,"xay can ho dich vu, van phong, khach san, spa",
3662,"quan an, xay dung",
3663,"quan an, san xuat",
3664,"van phong, ngan hang, cafe, cho thue, kinh doanh cafe, kinh doanh",
3667,"xay o, khach san, kinh doanh",
3675,"van phong, benh vien, kinh doanh",
3677,"cho thue, o, lam vp",
3680,"truong mam non, lam kho",
3693,"dau tu, xay nha, lam van phong",
3694,"mo cua hang, van phong, dau tu",
3712,"van phong, dau tu, khach san, kinh doanh",
3716,"khach san, buon ban, dau tu, dich vu an uong, kinh doanh",
3719,"van phong, thue, kinh doanh",
3722,", dau tu, kinh doanh",
3726,"nha nghi, dau tu, khach san, kinh doanh",
3735,"kinh doanh khach san, nha hang, quan an",
3766,"kinh doanh khach san, dau tu, xay nha",
3767,van phong dai dien,
3772,"cho thue, truong tu thuc, thue, cong ty, trung bay san pham, o, kinh doanh",
3779,"spa, van phong, kinh doanh",
3785,"can ho dich vu, cho thue, thue, dau tu, o, kinh doanh",
3786,"o, ngan hang thue, cho thue, kinh doanh",
3788,"cho thue, o, dich vu",
3810,"xay nha tro, o",
3819,"van phong, xay nha, kinh doanh",
3824,"xay khach san, o, cho thue, xay biet thu",
3825,"van phong, dau tu, o, kinh doanh",
3826,"cho thue, dich vu",
3835,"nha hang, cho thue, kinh doanh",
3836,"lam van phong, cho thue, lam vp, kinh doanh",
3842,"mo truong, van phong, xay nha",
3872,"o, mo showroom, khach san, kinh doanh",
3881,"mo phong kham, kinh doanh, o, cho thue, phong mach",
3882,"phong kham, van phong, spa, ngan hang, nha thuoc, cua hang, quan an, kinh doanh",
3883,"phong kham, van phong, spa, ngan hang, nha thuoc, cua hang, quan an, o, kinh doanh",
3888,karaoke,
3890,"van phong, dau tu, lam van phong, dich vu, o, kinh doanh",
3891,"spa, van phong, o, trung tam dao tao",
3901,"dau tu, o, homestay",
3907,"dau tu, nha hang, khach san, can ho",
3910,"khach san, xay can ho dich vu, nail, o, kinh doanh",
3912,"lam nha hang, khach san, villa biet thu",
3915,"cho thue, biet thu",
3918,"can ho dich vu, kho, xay biet thu",
3920,"mo truong, nghi duong, truong hoc, dau tu",
3950,"kho xuong, kinh doanh",
3958,"cho thue, sieu thi, thoi trang, my pham, spa, buon ban, nha hang, cafe, dau tu, o, kinh doanh",
3961,"dich vu, o, kinh doanh",
3969,"kd, khach san, cho thue, lam van phong",
3998,"cafe, lam vp",
4019,"lam cong ty, van phong, tru so cong ty, xay dung cao oc, o, kinh doanh",
4020,"xay van phong, can ho dich vu, thue, can ho",
4032,"o, nghi duong, cho thue, kinh doanh",
4036,"cong ty, nha hang, cho thue, kinh doanh",
4039,"van phong, biet thu, lam van phong, o, kinh doanh",
4043,"nghi duong, xay nha",
4050,"cho thue, dau tu, o, dich vu an uong",
4054,"spa, o, shop, kinh doanh",
4059,"xay o, dau tu, o",
4074,"xay dung, cho thue, kinh doanh",
4075,"o, can ho dich vu, thue",
4108,"cong ty, van phong",
4109,"sinh song, kinh doanh spa, kinh doanh",
4117,"van phong, my pham, ngan hang, spa",
4121,cafe,
4138,"cong ty, van phong, dinh cu",
4143,"cho thue, cua hang, kinh doanh",
4155,"lam cong ty, kinh doanh",
4158,xay khach san,
4160,"van phong, xay nha, cho thue, mo cong ty, kinh doanh",
4162,"phong kham, van phong, spa, nha thuoc, cua hang, quan an, o, kinh doanh",
4166,"nha xuong, xay dung, lam vp, san xuat",
4178,"kd, lam vpct, kinh doanh, xay moi, dau tu",
4181,"cho thue, chdv",
4187,"buon ban, dau tu, cho thue",
4192,"mo truong, xay biet thu",
4206,"phong kham, van phong, spa, cua hang, kinh doanh",
4209,"spa, phong kham, van phong, kinh doanh",
4230,"van phong, spa, cong ty, o, cho thue, kinh doanh",
4243,"dau tu, xay building",
4257,"buon ban, shop thoi trang, kinh doanh khach san, tham my, o, kinh doanh online",
4285,"o, nail, cho thue, kinh doanh online",
4289,"nha nghi, van phong, khach san, kinh doanh",
4296,"xay dung, o, kinh doanh",
4299,"xay tro, dau tu, mo tiem",
4325,"mo truong, truong hoc",
4326,"xay van phong, cho thue, spa, kinh doanh",
4329,"nha hang, nghi duong",
4331,"cho thue, dau tu, o, thue",
4336,can ho,
4338,"kinh doanh, kinh doanh online",
4341,"nghi duong, homestay",
4342,"khach san, xay building",
4345,"truong hoc quoc te, dau tu, dinh cu, homestay",
4346,"van phong, khach san, can ho, cao oc, xay dung building",
4349,"o, dich vu an uong",
4364,"showroom, dich vu, kinh doanh",
4375,"xay cao oc, xay building, o, cho thue, kinh doanh",
4376,"dau tu, cho thue, kinh doanh",
4378,"mo van phong, toa nha van phong",
4382,"dich vu an uong, kinh doanh",
4384,"van phong, cho thue, can ho dich vu",
4389,"dau tu, trung tam thuong mai, chdv",
4395,"cho thue, dau tu, an uong, o",
4408,"dinh cu, cong ty, toa nha van phong, kinh doanh, o, cho thue, homestay",
4420,"biet thu, khach san, homestay",
4429,"cho thue, sinh song",
4436,"cafe, nail, ngan hang thue, quan an, tiem toc, o, kinh doanh",
4439,"coffee, buon ban, xay nha tro, cho thue, kinh doanh",
4449,"dau tu, xay nha, nghi duong",
4479,"xay khach san, can ho, chdv",
4486,"cong ty, kinh doanh",
4489,"dau tu, kinh doanh, chdv",
4494,"van phong, dinh cu, cho thue, kinh doanh",
4496,"kd nha hang, dau tu, o",
4499,"dau tu, cho thue, o",
4501,"cong ty, lam van phong, o, ban hang online, cho thue, kinh doanh",
4504,"an uong, dich vu",
4515,"dau tu, dinh cu, dich vu an uong, kinh doanh",
4522,"nghi duong, nha hang, dau tu, quan an, homestay",
4527,"mo van phong, spa, salon, cho thue, kinh doanh",
4537,"lam vp, kinh doanh",
4538,"ngan hang thue, kinh doanh",
4541,"lam cong ty, van phong, cho thue, o, kinh doanh",
4551,"nha hang, kinh doanh, o, xay dung khach san, homestay",
4559,"tham my vien, nha nghi, ngan hang, nha hang, kinh doanh",
4560,"cong ty, tham my, lam van phong",
4580,cua hang,
4610,"dau tu, tru so cong ty, kinh doanh",
4618,"kinh doanh online, van phong, kinh doanh",
4625,"van phong, spa, tap hoa, kinh doanh, o, tiem thuoc",
4631,"homestay, khach san, kinh doanh",
4648,"coffee, o",
4651,"cho thue, mo van phong cty, o",
4660,"nghi duong, o, homestay",
4663,"quan an, o, kinh doanh",
4666,"khach san, spa, cafe, toa nha van phong, kinh doanh",
4693,"trung bay san pham, o, kinh doanh",
4716,"can ho dich vu, khach san, spa, kinh doanh khach san, kinh doanh",
4718,"nghi duong, dau tu, o",
4722,"spa, nha hang, kinh doanh",
4723,"khach san, homestay",
4731,"sieu thi, spa, truong hoc, nha hang, kinh doanh",
4733,"o, can ho, kinh doanh",
4743,"quan an, nghi duong",
4751,"lam nha hang, dau tu, homestay, lam khach san",
4761,"cua hang dien thoai, cho thue, sieu thi, kinh doanh",
4774,"ks, o, lam vp, lam chdv",
4777,"nghi duong, dau tu, xay nha, dich vu an uong",
4796,"kinh doanh khach san, nha hang",
4797,"xay tro, cho thue, lam an, kinh doanh",
4817,"dau tu, dinh cu, cho thue, kinh doanh",
4835,"cho thue, lam vp",
4839,"buon ban, xay o, kinh doanh, dich vu",
4846,"cho thue, san xuat, lam kho",
4853,"nha xuong, dau tu, nghi duong",
4855,"xay dung, khach san, san xuat",
4857,lam cong ty,
4861,"van phong, cho thue, lam van phong, o, kinh doanh",
4869,"xay o, dau tu, kinh doanh",
4873,"xay tro, nha tro, o, cho thue, kinh doanh",
4879,"xay tro, dau tu, cho thue, kinh doanh",
4882,"homestay, nha hang, kinh doanh",
4884,"xay dung cao oc, dau tu, kinh doanh",
4902,"truong hoc, dau tu, o, kinh doanh",
4908,"dinh cu, cho thue, kinh doanh",
4919,"xay dung cao oc, nghi duong",
4920,"o, kinh doanh spa, kinh doanh",
4928,"xay tro, nha khoa, dau tu, cho thue, kinh doanh",
4933,"khach san, spa, nha hang, dau tu, kinh doanh",
4935,"xay can ho dich vu, khach san, kinh doanh",
4937,"o, lam vp",
4939,"villa biet thu, trung tam dao tao",
4946,"xay tro, dau tu, nha xuong, cho thue, kinh doanh",
4949,"cho thue, o, spa",
4962,"dau tu, xay biet thu",
4985,"khach san, villa biet thu, kinh doanh",
4993,"nha hang, o, khach san, toa nha",
5000,"trung tam thuong mai, lam van phong, kinh doanh, xay building",
5010,"can ho dich vu, dau tu, sieu thi",
5014,"buon ban, van phong",
5024,"o, xay nha tro",
5032,"van phong, spa, mo vp, mo phong kham, o, kinh doanh",
5043,"dau tu, xay nha tro, cua hang",
5044,"o, trung tam ngoai ngu",
5046,"dau tu, khach san",
5055,"van phong, dich vu an uong",
5056,"mo van phong, kinh doanh",
5063,xay van phong,
5067,"dau tu, nha tro, lam vp",
5071,"dau tu, o, chdv, sieu thi",
5075,"o, kinh doanh spa",
5083,"mo truong, biet thu, cho thue, kinh doanh",
5085,"spa, lam van phong, kinh doanh, o, trung tam dao tao",
5091,"tap hoa, ca phe, kinh doanh",
5105,nha xuong,
5125,"xay tro, cho thue, phong tro, kho, dau tu, o, kinh doanh",
5138,"xay tro, dau tu, o, cho thue, kinh doanh",
5150,"dau tu, shop, nghi duong",
5151,"can ho dich vu, khach san",
5155,"bar, khach san, kinh doanh",
5159,"online, kinh doanh",
5160,"truong hoc, dau tu",
5162,"van phong, quan an, xay nha, kinh doanh",
5168,"khach san, nha hang, cafe, salon, cho thue, kinh doanh",
5176,"mo truong, nha hang, kho, o",
5178,"nghi duong, dau tu, xay nha",
5205,"xay tro, dau tu",
5207,"buon ban, nghi duong, xay biet thu, kinh doanh",
5211,"van phong, xay biet thu",
5215,"buon ban, dau tu, mo van phong, kinh doanh",
5221,"tham my vien, spa, cty, mo showroom, vp, kinh doanh",
5225,"spa, o, lam van phong, kinh doanh",
5245,", spa, nha hang, cafe, quan an, kinh doanh",
5253,"dau tu, xay dung, sinh song, nghi duong",
5257,"o, xay nha",
5262,"nghi duong, dau tu, sinh song, kinh doanh",
5273,"cho thue, xay nha, biet thu",
5276,"dau tu, nghi duong, homestay",
5278,"xay dung building, o, chdv, biet thu",
5283,"cho thue, chdv, kinh doanh",
5285,"dau tu, kinh doanh, biet thu",
5305,"cho thue, lam van phong, kinh doanh",
5312,"spa, quan cafe, lam van phong, kinh doanh",
5313,"mo cty, karaoke, o, cho thue, kinh doanh",
5319,"coffee, o, lam van phong",
5334,"cao oc, xay cao oc, cho thue, xay building",
5335,"nha khoa, van phong",
5347,"xay can ho dich vu, xay biet thu, dau tu, lam van phong, o, cho thue",
5351,"dau tu, vp",
5360,"nha hang, xay dung, lam van phong, spa",
5363,"cao oc, phong kham, cho thue, lam van phong",
5364,"lam vpcty, cho thue, kinh doanh",
5371,"o, cho thue, thue",
5380,"phong kham, vp cty, o, kinh doanh",
5408,"kinh doanh online, van phong, spa lam dep, kinh doanh",
5410,truong hoc quoc te,
5413,"mo shop, cong ty, cho thue, kinh doanh",
5425,"karaoke, o, kinh doanh",
5441,"biet thu, dau tu, homestay",
5448,"lam nha hang, dau tu",
5483,"xay dung cao oc, van phong, o, cho thue",
5485,"thoi trang, toa nha, kd, o, spa lam dep, vp",
5492,"showroom, kinh doanh khach san, o, kinh doanh",
5500,"xay tro, lam van phong, kinh doanh",
5502,"an uong, mua ban",
5524,"truong hoc, xay nha",
5532,"can ho, trung tam thuong mai, o, cho thue, trung tam dao tao",
5537,"nghi duong, cho thue, kinh doanh",
5543,"van phong, vp",
5551,"dau tu, lam van phong",
5555,"van phong, trung tam thuong mai",
5566,"xay biet thu, kinh doanh",
5581,"xay dung, lam vp, tiem toc, kinh doanh",
5582,"van phong, nha hang, dinh cu, dau tu, o, vp, kinh doanh",
5589,"nghi duong, xay nha, homestay",
5598,"phong kham, lam vp, spa, cty, nha hang, cafe, quan an, o",
5600,"o, in theu, mo phong mach",
5611,"kd, tap hoa",
5629,"nha hang, lam van phong",
5652,"dau tu, o, nghi duong",
5659,"xay can ho dich vu, building van phong",
5662,"sieu thi, biet thu, xay building, vpct, kinh doanh",
5666,"nha nghi, cho thue, phong kham, cong ty, lam van phong, xay o, o, kinh doanh",
5672,"cho thue, o, mo cong ty",
5673,"dau tu, dinh cu, kinh doanh",
5692,"xay lai, quan an, nghi duong",
5698,truong hoc,
5703,"spa, ngan hang, dau tu, lam van phong, cho thue",
5711,"van phong, cho thue, sinh song, van phong dai dien, lam van phong, o",
5713,"cho thue, dau tu, toa nha van phong, lam van phong, o",
5720,"dau tu, lam van phong, ngan hang, spa",
5725,"kinh doanh khach san, can ho",
5738,"xay khach san, can ho dich vu, biet thu",
5749,"phong kham, spa, nha tre, lam van phong, kinh doanh",
5751,"can ho dich vu, toa nha van phong, biet thu",
5754,"cho thue, kho, o, kinh doanh",
5762,"xay van phong, ",
5765,cua hang dien thoai,
5771,"can ho dich vu, cho thue, shop, o, kinh doanh spa, kinh doanh",
5772,dich vu,
5782,"kho xuong, cho thue, o, kinh doanh",
5793,"phong kham, lam vp, spa, cty, o, kinh doanh",
5798,"dich vu, dau tu, o, kinh doanh",
5801,"nha hang, xay dung, cho thue, khach san",
5809,"san xuat, o, xay dung, cho thue, kinh doanh",
5817,"cho thue, lam vp, kinh doanh",
5820,"dau tu, o, lam van phong",
5826,"spa, buon ban, cho thue, kinh doanh",
5840,"lam spa, phong kham, cho thue, kinh doanh",
5844,"o, dau tu, cho thue, thue",
5860,"cho thue, xay biet thu",
5872,"kinh doanh khach san, dau tu, dinh cu, homestay",
5875,"nghi duong, biet thu",
5887,"van phong, can ho, spa, lam khach san, nha hang",
5895,"cho thue, o, lam kho, kinh doanh",
5918,"xay can ho dich vu, o, kinh doanh",
5919,"vphong, can ho dich vu",
5921,"xay tro, tru so cong ty, xay nha",
5923,"cao oc, cho thue, chdv, kinh doanh",
5929,"dau tu, shop thoi trang",
5938,"cho thue, biet thu, cty, chdv, vp, o",
5954,"o, cho thue, kinh doanh, van phong",
5970,"cty, vp, mua ban",
5975,lam an,
5981,"sieu thi, cho thue, van phong, spa, ban hang online, o, kinh doanh cafe, kinh doanh",
5983,"van phong, can ho dich vu, dau tu, o, cho thue",
5993,"tham my vien, nha nghi, mo van phong, nha hang, ngan hang, showroom",
6003,"dinh cu, sinh song",
6011,"lam van phong, kinh doanh",
6023,"karaoke, khach san, ngan hang, nha hang, cho thue",
6025,"van phong, khach san, can ho, toa nha, homestay, cho thue, kinh doanh",
6026,", van phong, tap hoa, online, dau tu, kinh doanh, nha thuoc tay",
6039,"cho thue, can ho, kinh doanh",
6050,"khach san, o, xay toa nha",
6058,"khach san, can ho, kinh doanh",
6073,"van phong, mo spa, cong ty, o, shop online",
6077,"van phong, mo cty, spa, kd, o",
6079,"van phong, dau tu, xay biet thu, kinh doanh",
6082,"kd, kinh doanh",
6083,"dich vu, thue, kinh doanh",
6084,"mo van phong, o, spa",
6086,"dau tu, nha hang, lam vp",
6088,"van phong, thue, xay toa nha, kinh doanh",
6094,"van phong, cho thue, o, kinh doanh",
6095,"cho thue, cafe, toa nha, o, kinh doanh",
6111,"dau tu, nha hang, xay nha, kinh doanh",
6119,"phong kham, spa, mo vpct, lam van phong, o, cho thue, kinh doanh",
6123,"dau tu, can ho",
6148,"lam nha hang, van phong, spa, buon ban, cafe, shop, kinh doanh",
6151,"xay o, o, kinh doanh",
6187,"cho thue, spa",
6204,"tap hoa, o",
6209,"dich vu, cho thue, cua hang, kinh doanh",
6231,"spa, lam van phong, o, cho thue, kinh doanh",
6234,"cho thue, vp cong ty, o, thue",
6240,"xay tro, kinh doanh online, dau tu, xay nha, kinh doanh",
6242,"xay tro, xay nha, spa lam dep, kinh doanh",
6251,"phong kham, van phong, spa, nha thuoc, cua hang, kinh doanh",
6262,"nghi duong, dau tu, dich vu an uong, o, homestay",
6264,"dich vu, o, trung tam thuong mai, chdv",
6277,"quan an, o, lam van phong",
6299,"xay dung, cho thue, chua hang",
6300,"xay dung, kho chua hang",
6301,"san xuat, kinh doanh",
6304,"xay khach san, nha nghi, o",
6308,"nha xuong, nha tro",
6313,"phong kham, ban hang online",
6317,"nha khoa, van phong, thoi trang, showroom, kinh doanh, o, phong mach",
6318,"my pham, spa, tra sua, trung bay san pham, kinh doanh",
6326,"phong kham, van phong, cua hang, spa",
6331,"nghi duong, nha tro",
6332,"phong kham, spa, lam van phong, o, cho thue, kinh doanh",
6340,"o, dau tu, thue",
6348,"cho thue, spa, kinh doanh, o, homestay",
6360,"nghi duong, shop thoi trang, dich vu",
6367,"dau tu, xay o",
6398,"buon ban, dau tu",
6431,"dau tu, cong ty chuyen phat nhanh, toa nha van phong, kinh doanh",
6467,"mo van phong, spa, mua ban, dich vu an uong, kinh doanh",
6474,"xay tro, xay dung, cho thue",
6477,"phong kham, van phong, kinh doanh",
6478,"cho thue, o, mo van phong cty, kinh doanh",
6483,"nha khoa, nghi duong, khach san, dinh cu, dich vu an uong, kinh doanh",
6484,"khach san, spa, nha hang, cho thue, kinh doanh",
6491,"tham my vien, phong kham, van phong",
6500,"nha khoa, nha hang, kinh doanh khach san, trung tam dao tao, kinh doanh",
6509,", cho thue, o",
6523,"cho thue, mo cong ty, thue, kinh doanh",
6536,"sinh song, kinh doanh",
6544,"buon ban, mo van phong cty, xay biet thu",
6548,"o, khach san",
6550,"cho thue, khach san",
6554,"van phong, lop hoc, dau tu, spa",
6564,"xay nha tro, dau tu, xay dung, o",
6569,"spa, cafe, nha thuoc, lam van phong, o, kinh doanh",
6585,"nha thuoc, kinh doanh khach san, dich vu, cho thue, kinh doanh",
6587,"phong kham, khach san, spa, biet thu, nha hang, cty, dau tu, o",
6596,"xay dung cao oc, o, lam van phong, kinh doanh",
6605,"cho thue, xay phong tro",
6609,"cho thue, xay cao oc, xay building, o, kinh doanh",
6628,"van phong, dich vu",
6634,"nghi duong, dau tu, homestay",
6636,"o, sinh song, kinh doanh",
6649,"cho thue, mo van phong, o",
6650,"quan an, dau tu",
6668,"o, bar, kho xuong",
6698,"nha nghi, quan an, dau tu, lam van phong, xay nha, cho thue",
6706,"xay khach san, cong ty",
6716,"buon ban, karaoke, cua hang",
6728,"tham my vien, khach san, cong ty, lam showroom, chdv",
6729,"can ho dich vu, lam van phong, spa",
6731,"khach san, biet thu, xay building, chdv, cho thue",
6734,"kinh doanh khach san, dau tu, cho thue, kinh doanh",
6737,"tap hoa, cafe, o, mua ban",
6738,"cho thue, o, khach san, kinh doanh",
6739,"nha hang, kinh doanh",
6742,"kinh doanh khach san, kinh doanh",
6766,"building van phong, dau tu, kinh doanh, o, kinh doanh online",
6771,"dau tu, o, kinh doanh online",
6774,"nha nghi, dich vu an uong",
6775,"mo van phong, sinh song, cong ty, lam van phong, kinh doanh",
6788,"dau tu, cho thue, dich vu an uong, kinh doanh",
6797,"cho thue, xay cao oc, khach san, spa, dau tu, cong ty chuyen phat nhanh, vp, kinh doanh",
6799,kd,
6806,mua ban,
6815,"cong ty, cho thue",
6819,"dau tu, sinh song, kinh doanh",
6820,"cao oc, xay dung",
6824,"phong kham, lam cong ty, van phong, spa, ngan hang, kinh doanh",
6856,"xay nha tro, tru so cong ty, kinh doanh",
6872,"xay dung cao oc, dau tu, mo van phong, o",
6873,"xay tro, dau tu, biet thu",
6875,"xay tro, cho thue, o",
6880,"cho thue, nghi duong, dau tu, dich vu an uong, o, kinh doanh",
6884,"cho thue, an uong, o, mua ban",
6886,"xay dung cao oc, thue, kinh doanh",
6887,"cho thue, o, can ho, tham my",
6889,"can ho, kinh doanh, biet thu",
6896,"nha nghi, nha hang, khach san",
6905,"khach san, can ho, lam van phong, xay o, thue",
6907,"dau tu, o, xay nha, kinh doanh",
6908,"nghi duong, khach san, nha hang, homestay, kinh doanh",
6925,"van phong, can ho dich vu, cafe, xay biet thu, lam spa, shop, cao oc",
6937,"phong kham, salon, tham my, o, cho thue, kinh doanh spa",
6939,"spa, mo shop, cong ty, tham my, cho thue, kinh doanh",
6955,"xay can ho dich vu, dau tu",
6956,"kinh doanh khach san, cho thue, kinh doanh",
6958,"nha nghi, cafe, cong ty, dich vu an uong, kinh doanh",
6966,"o, shop, kinh doanh",
6997,"lam cong ty, dau tu, o, kinh doanh",
7002,"lam xuong may, o, xay nha",
7003,"nha khoa, van phong, lam spa",
7004,"nha khoa, van phong, cho thue, spa, dau tu, o, kinh doanh",
7021,"nghi duong, cong ty chuyen phat nhanh",
7077,"van phong, cho thue, mo showroom",
7078,"quan an, dau tu, o",
7092,"van phong, quan an, o, kinh doanh",
7096,"van phong, dau tu, cho thue, kinh doanh",
7111,"mo van phong, cho thue",
7128,"khach san, showroom, o, cho thue, kinh doanh",
7171,"khach san, nha hang, kho xuong, nha tro, o, cho thue",
7173,"xay biet thu, villa biet thu",
7174,"nha tro, xay cao oc, khach san",
7176,"cho thue, mua ban, kinh doanh",
7184,"o, dau tu, thue, kinh doanh",
7210,"xay biet thu, dau tu, xay nha, o, kinh doanh",
7216,"xay biet thu, dau tu, mo quan, cho thue, kinh doanh",
7228,"xay khach san, nha nghi",
7230,"van phong, chdv",
7238,"xay khach san, nghi duong, dau tu, kinh doanh",
7241,"can ho dich vu, spa",
7245,"van phong, nha tro, lam vp",
7252,"khach san, kinh doanh, nha nghi, o, nha hang",
7255,"cong ty, o",
7271,"cho thue, shop",
7295,"kinh doanh, kho chua hang",
7297,"van phong, cho thue, can ho, tham my",
7302,"mo spa, dau tu, o, cao oc, cho thue, homestay",
7315,"dau tu, cho thue, dich vu an uong",
7321,"xay khach san, dau tu, kinh doanh, o, homestay",
7328,"lam khach san, van phong",
7332,"truong hoc, phong kham, cho thue, trung tam dao tao",
7333,"cho thue, xay o, tru so cong ty",
7336,"dau tu, xay cao oc, nha tro, dich vu an uong",
7368,"dau tu, trung tam thuong mai",
7371,"dau tu, cho thue, xay biet thu",
7385,"nghi duong, o, kinh doanh",
7389,"xay tro, dau tu, cho thue",
7405,"lam nha hang, cho thue, dau tu, dich vu, o",
7427,"khach san, o, xay toa nha, dich vu",
7430,"toa nha van phong, mo nha hang",
7460,"cho thue, mo nha hang, kinh doanh",
7464,"cong ty, san xuat",
7466,"nghi duong, trung tam thuong mai, o, cho thue, kinh doanh",
7484,"nha hang, kho xuong, nghi duong",
7485,"van phong, xay cao oc",
7490,"o, mo cong ty, kinh doanh",
7491,"kd, buon ban, o, kinh doanh",
7522,"xay tro, nha xuong",
7529,"sieu thi, xay biet thu, toa nha van phong, cho thue, kinh doanh",
7534,"mo truong, o",
7536,"thue, lam van phong",
7555,"dau tu, an uong, o, mua ban",
7566,"nha hang, cafe, xay o, kinh doanh",
7569,"tra sua, o",
7570,"khach san, lam van phong",
7586,"dau tu, xay biet thu, kinh doanh",
7588,"xay o, mo quan cafe, o, kinh doanh",
7593,"lam showroom, tru so cong ty",
7608,"karaoke, nha nghi, nha hang, kinh doanh",
7611,"cao oc, buon ban, cho thue",
7647,"biet thu, nghi duong, homestay",
7654,"cong ty, tham my, lam van phong, mat bang, kinh doanh",
7670,"xay van phong, cty, dau tu, xay nha",
7673,truong anh ngu,
7682,"cho thue, dich vu an uong, kinh doanh",
7685,"cho thue, o, dich vu an uong, kinh doanh",
7698,"nha hang, cafe, o",
7699,"nghi duong, khach san, nha hang, dau tu, o, vp",
7701,"nha hang, cafe, xay dung khach san",
7705,kinh doanh cafe,
7723,"khach san, xay dung van phong, xay building",
7736,"khach san, spa, nha hang, cafe, building van phong",
7742,"van phong, can ho, dich vu an uong",
7753,"o, spa, mo phong kham, cho thue, kinh doanh",
7777,"phong tro, nghi duong",
7779,"xay khach san, van phong, o",
7793,"cafe, nha tro, cho thue, xay nha",
7795,"o, chdv",
7796,"mo cua hang, kinh doanh",
7801,"buon ban, mo van phong, cho thue, kinh doanh",
7805,lam chdv,
7852,"kho, o, kinh doanh",
7882,"nghi duong, kho, xay dung, cua hang",
7883,"tap hoa, cho thue, san xuat",
7886,"kinh doanh khach san, o, thue, kinh doanh",
7888,"vphong, cong ty, kinh doanh spa, kinh doanh",
7894,"spa, phong mach, o, cho thue, mo cong ty, kinh doanh",
7900,"khach san, kinh doanh, cafe, cho thue, nha hang",
7909,"van phong, dau tu, coffee, can ho",
7914,"cong ty, cho thue, o, kinh doanh",
7915,"xay van phong, nha hang, showroom, khach san",
7916,"dau tu, cho thue, can ho dich vu",
7923,"cty, kinh doanh spa",
7931,"xay dung cao oc, cho thue, thue",
7954,"dau tu, nha hang, kinh doanh online",
7961,"nghi duong, o, tru so cong ty",
7965,"o, thue, lam van phong",
7976,"karaoke, kho, san xuat",
7978,"nha hang, dau tu, dich vu, homestay, kinh doanh",
7982,"lam xuong may, xuong may, mo quan, kho chua hang",
8012,"ngan hang, kinh doanh",
8014,"nha khoa, spa, nha hang, shop thoi trang, kinh doanh",
8023,"khach san, xay biet thu",
8029,"kinh doanh khach san, van phong, can ho dich vu",
8053,kho,
8064,"xay dung khach san, homestay",
8069,"o, cho thue, kinh doanh, toa nha",
8070,"showroom, , xay o, kinh doanh",
8071,"nha nghi, o, quan nhau, kinh doanh",
8074,", salon, spa, kinh doanh",
8092,"cho thue, mo van phong, o, kinh doanh",
8104,"cao oc, dich vu, kinh doanh",
8108,"dau tu, o, khach san, villa biet thu",
8109,"dau tu, xay nha, kinh doanh",
8118,"ngan hang thue, cho thue, kinh doanh",
8136,"lam van phong cty, o, kinh doanh",
8138,"spa, van phong",
8141,"tham my vien, phong kham, van phong, khach san, spa, cafe, kinh doanh khach san, dau tu, cho thue, kinh doanh",
8143,"shop thoi trang, o, lam chdv, kinh doanh",
8144,"cho thue, o, sinh song",
8164,"spa, o, vp, kinh doanh",
8183,"xay tro, cho thue, o, lam van phong",
8193,"van phong, can ho dich vu, biet thu, dau tu, kinh doanh",
8198,"nha hang, cafe, o, kinh doanh",
8218,"buon ban, mo cong ty, kinh doanh",
8220,", can ho dich vu, lam khach san, tiem thuoc tay, chdv, thue",
8223,"truong hoc, van phong, kho, o",
8229,"nha nghi, o, xay nha",
8232,"dau tu, dich vu",
8236,"o, cho thue, cong ty",
8244,"lam vpcty, o, kinh doanh",
8251,"o, xay nha tro, kinh doanh",
8262,"buon ban, xay tro, kinh doanh",
8265,"sieu thi, cho thue, nghi duong",
8267,"sieu thi, o, nghi duong",
8275,"mo van phong cty, khach san, kinh doanh",
8278,"dau tu, lam van phong, kinh doanh",
8284,"nha hang, o, khach san, kinh doanh",
8292,"sieu thi, spa, trung tam dao tao, lam van phong, lop hoc, cho thue, kinh doanh",
8294,"van phong, kho xuong, xay nha",
8302,"spa, ngan hang, xay khach san, lam van phong, chdv, o, kinh doanh",
8309,"nghi duong, in theu, homestay",
8320,"o, cho thue, chdv, xay building",
8325,"nghi duong, nha hang, tru so cong ty",
8332,"van phong, shop, kinh doanh, spa",
8333,"spa, cho thue, o, kinh doanh",
8334,"van phong, spa, shop, o, kinh doanh",
8336,"o, villa biet thu, chdv",
8337,"spa, vp cong ty, kinh doanh",
8341,"nghi duong, nha hang, dau tu, quan cafe, homestay",
8365,"nha hang, truong anh ngu",
8367,"trung tam anh ngu, sieu thi, cho thue, kinh doanh",
8382,"coffee, cho thue",
8387,"xay van phong, ngan hang, cho thue",
8392,"dau tu, cho thue, khach san, kinh doanh",
8398,"ca phe, khach san, kinh doanh",
8402,"phong kham, van phong, spa, o, kinh doanh spa, kinh doanh",
8408,"nha hang, khach san, can ho dich vu",
8413,"van phong, cafe, ban hang online, o, kinh doanh",
8417,"van phong, o, mo spa",
8420,", xay tro",
8424,"tham my vien, phong kham, my pham, cafe, cua hang, showroom, kinh doanh",
8425,"van phong, khach san, ngan hang, showroom, dau tu, trung tam dao tao, kinh doanh",
8426,"xay building, kinh doanh",
8433,"mo cong ty, kinh doanh",
8435,"nha nghi, van phong, kinh doanh",
8467,"o, dau tu, xay nha tro",
8474,", cho thue",
8501,"lam van phong, van phong, kho, mo cong ty",
8515,"nghi duong, cho thue, mo cong ty",
8528,"van phong, mo nha hang",
8530,"xay nha, kinh doanh, chdv",
8551,", dich vu, kinh doanh",
8572,"mo van phong, o, dich vu an uong, phong mach",
8577,"van phong, spa",
8587,"buon ban, an uong, o, kinh doanh cafe",
8607,"ngan hang thue, buon ban",
8615,"lam cong ty, cong ty, mo tiem, o, cho thue",
8620,"lam khach san, cho thue",
8621,"van phong, tru so cong ty, ngan hang",
8625,"quan an, dau tu, cho thue, can ho",
8628,"can ho, dau tu, xay nha",
8629,"xay van phong, ngan hang, lam spa, tham my, kinh doanh",
8636,"nghi duong, xay dung",
8639,"cong ty, mo vp, o, kinh doanh",
8640,"ban lai, lam van phong",
8645,"cho thue, dau tu, o, vp cong ty",
8647,"lam cong ty, spa, kd, ngan hang thue, tham my, o",
8664,"nghi duong, khach san, dau tu, cho thue, homestay",
8667,"xay dung cao oc, nghi duong, cho thue",
8674,"sieu thi, cty, salon, vp, kinh doanh",
8675,"showroom, cho thue, o",
8679,"van phong, cho thue, ngan hang, kinh doanh",
8686,"spa, toa nha, kinh doanh",
8687,"xay lai, cho thue",
8691,"quan an, kho, o, dau tu",
8697,"phong kham, dau tu, cho thue, kinh doanh",
8708,"dau tu, o, khach san",
8709,"phong kham, khach san, spa, lam van phong, cho thue, kinh doanh",
8720,"xay can ho dich vu, phong tro, kho, xay nha, o",
8723,"dich vu, mo nha hang",
8730,"cho thue, phong tro, o",
8732,"van phong, xay biet thu, can ho dich vu, biet thu",
8748,xay dung van phong,
8770,"phong kham, van phong, khach san, spa, showroom, thue",
8771,"ngan hang, kd, showroom, dau tu, vp, xay dung, o, kinh doanh",
8784,"cong ty, phong kham, mo van phong, o",
8790,"xay tro, dau tu, o, xay o, cho thue",
8801,"lam showroom, van phong, cua hang, kinh doanh",
8804,"o, sieu thi, cho thue",
8808,"xay o, kho xuong, mo cong ty, kinh doanh",
8814,"toa nha van phong, dich vu",
8855,"kd, vp",
8867,"shop thoi trang, lam vp",
8895,"dau tu, nha hang, shop thoi trang, kinh doanh online",
8926,"dau tu, xay cao oc",
8927,"phong kham, spa, shop, o, mo cong ty, kinh doanh",
8940,"thue, homestay",
8947,"cho thue, van phong, truong hoc, kho, o, kinh doanh",
8949,"van phong, can ho dich vu, cua hang, showroom, cho thue",
8969,"nha xuong, cho thue",
8993,"nha tro, xay biet thu",
9002,"lam showroom, vp",
9012,trung tam anh ngu,
9027,"van phong, cafe, o, kinh doanh",
9040,"cafe, sinh song, xay dung van phong, cong ty, kinh doanh",
9068,"cho thue, xay nha tro",
9070,"o, vp, lam van phong, kinh doanh",
9082,"cafe, khach san",
9084,"xay khach san, can ho, homestay",
9085,"buon ban, dau tu, quan an, o, kinh doanh",
9087,"kinh doanh khach san, dau tu, o",
9090,"van phong, can ho, cafe, cong ty, lam van phong, cho thue, kinh doanh",
9105,"buon ban, cho thue, kinh doanh",
9108,"quan an, mo van phong, mo quan, kinh doanh",
9114,"phong kham, van phong, khach san, kinh doanh",
9116,"xay van phong, xay biet thu, cong ty, cong ty chuyen phat nhanh, xay nha, o, kinh doanh",
9117,"cong ty, lam xuong may, lam van phong, san xuat",
9136,"cho thue, biet thu, kho xuong, o, kinh doanh",
9149,"mo shop, quan an, quan nhau, kinh doanh",
9150,"tham my vien, van phong, can ho, khach san, spa",
9157,"nha nghi, xay nha, kinh doanh",
9169,"xay van phong, dau tu, khach san, kinh doanh",
9185,"lam van phong, dich vu",
9194,"showroom, van phong, khach san",
9200,"xay khach san, nha hang, kinh doanh",
9215,"cong ty, nha xuong, cho thue",
9216,"van phong, o, shop",
9241,"phong kham, an uong, nha thuoc, quan an, dich vu, kinh doanh",
9254,"ngan hang, xay dung building, spa",
9255,"nghi duong, xay khach san, dau tu, ao cuoi, kinh doanh, o, homestay",
9265,"mo truong, cho thue",
9272,"van phong, sieu thi, can ho dich vu, chdv, cho thue",
9287,"phong tro, kinh doanh",
9313,"xay van phong, dau tu, kinh doanh",
9332,nha tro,
9346,"biet thu, quan an, o, cho thue, kinh doanh",
9354,"xay tro, nha nghi, dau tu, o",
9379,"nha nghi, khach san, dau tu, cho thue, kinh doanh",
9394,"dau tu, o, xay phong tro",
9399,"cho thue, o, chdv, kinh doanh",
9405,"sieu thi, dau tu",
9408,"phong kham, spa, cong ty, vp, o, kinh doanh",
9412,"can ho dich vu, cho thue, khach san, xay dung van phong",
9416,"nha hang, khach san",
9485,"cafe, cho thue, kinh doanh",
9489,"o, mua ban",
9497,"o, dich vu",
9506,"mo vp, lam vp",
9510,"xay dung, o",
9520,"cho thue, dau tu, o, xay o",
9523,ngan hang thue,
9525,"spa, o, chdv, biet thu",
9529,"cho thue, van phong, o, villa biet thu",
9536,"karaoke, khach san, xay biet thu, chdv, cho thue",
9541,"tham my vien, cho thue, khach san, kinh doanh",
9543,"nha hang, tra sua, cua hang",
9554,"nghi duong, dinh cu",
9562,"can ho, kinh doanh",
9569,"lam khach san, ngan hang thue, van phong, kinh doanh",
9586,"cho thue, quan an, o",
9594,"o, trung tam dao tao",
9598,"xay cao oc, spa, lam khach san, dau tu, quan an, shop, cho thue",
9601,"xay lai, tra sua, dich vu an uong, dau tu",
9602,"spa, van phong, an uong, kinh doanh",
9604,"xay van phong, khach san",
9619,"dau tu, quan an, kinh doanh",
9637,"o, kinh doanh, van phong dai dien",
9642,"xay khach san, van phong, cho thue, can ho",
9645,"cong ty, van phong, o, kinh doanh",
9648,"khach san, o, can ho",
9669,", xay o, kinh doanh",
9679,"buon ban, van phong, kinh doanh",
9683,"van phong, cafe, spa",
9685,", van phong, o, shop",
9704,", o, kinh doanh",
9707,"xay tro, thue, spa",
9709,"quan an, o",
9718,"van phong, spa, dau tu, o, kinh doanh cafe, kinh doanh",
9725,"vphong, cho thue, kinh doanh",
9744,"dau tu, xay nha, lam vp",
9745,"sieu thi, cho thue, khach san, nha hang, dau tu, toa nha van phong, o, kinh doanh",
9749,"nha hang, cafe, cho thue, kinh doanh",
9758,"lam van phong cty, xay building, o, cho thue, kinh doanh",
9766,"nha khoa, o, chua hang",
9772,"kd nha hang, nha xuong, o",
9778,"van phong, xay dung, cho thue, kinh doanh",
9785,", can ho dich vu, cho thue, sinh song",
9792,"nha xuong, dau tu",
9808,"sieu thi, o",
9815,"xay khach san, kinh doanh",
9831,"lam khach san, biet thu",
9835,"van phong, can ho, kinh doanh cafe",
9837,"van phong, nghi duong, spa, dau tu, o",
9838,"o, ban hang online, lam spa, thue",
9862,"kho, ks, xay nha",
9880,"kho hang, xuong may, lam vp, kinh doanh",
9891,"cho thue, trung tam thuong mai, dich vu",
9898,"spa, mo van phong, kinh doanh",
9904,"o gd, o",
9907,"khach san, buon ban, dau tu, o, kinh doanh",
9914,"dau tu, nha tro, kinh doanh",
9922,"dau tu, nghi duong, biet thu",
9935,"o, cho thue, homestay",
9943,"khach san, nha hang, cafe, o, kinh doanh",
9947,"lam xuong may, xay dung cao oc, buon ban, showroom trung bay, o",
9981,"karaoke, kinh doanh",
9999,"lam vp, nha hang, dau tu, xay nha tro, o",
