Unnamed: 0,individual,alias
0,century city,dự án
1,nam cuong,du an
7,"feliz - vista, feliz, landmark 81",
8,"vci tower, duplex",
9,duc 1,
13,"eastmark city quan, eastmark city, mt east<unk>",
15,"vinaconex, bohemia 25, bohemia residence",
16,sec bau can,
21,park hill,
22,sapphire,
35,the manhattan glory,
36,no hau,
37,central premium,
38,ct12b kim van kim lu,
43,golden mansion,
44,times city,
45,vinhomes ocean park gia lam,
50,my khanh vy,
58,khu phuc hop phuong trang,
66,"khanh ky, lai xa",
68,xuan phu kiet rong,
69,"thanh linh, ham tan",
70,khu nha o hoi nghia,
71,bcons suoi tien,
72,nam viet a,
74,bao lam,
75,kim chung,
83,phu hong thinh 6,
85,waterpoint gom,
86,son kiet,
93,"duong oto, hong rieng",
96,kiet 264 hoang van thai,
98,binh,
99,hang bang,
109,dat nong nghiep,
112,daresco,
125,bau cat 2,
132,bien ocean residence,
142,green park kim dinh,
144,nam dong ha,
147,golden bay city,
148,11,
149,f. home da nang,
155,cityland,
156,alpha king,
157,xuan phuong,
160,phu thanh quan,
162,sky garden,
165,ban chcc riva park,
166,apartment,
172,song da,
182,ch oriental plaza,
185,gold tower,
201,downtown luong son hoa binh,
205,five star,
209,"the season lai thieu, the seasons lai thieu",
212,vinpearl bai vong,
213,dai thanh quan,
214,"resort view, diamond centery",
219,nam xa la kdt xa la,
222,"riverside, bien hoa riverside",
227,van phu,
228,aqua city,
234,muong thanh,
235,"kim chung trach, shop villa, kim chung di trach",
253,doi hoa,
255,phu my,
268,sun,
269,"khang gia chanh hung, khang gia",
278,vuon dien,
286,rieng,
293,586,
299,an binh city,
304,"the botanica, novaland phu nhuan",
321,"golden land, long thanh",
323,"stc long thanh, long thanh",
325,"golden land, stc long thanh",
327,"novaworldphanthiet # dautubatdongsan, novaworld phan thiet",
328,an binh,
333,sacomreal 584,
334,bea sky,
338,le capitole,
340,ch fortuna tan phu,
341,ha noi,
351,millennium,
352,"carillon 7, carillon",
354,flc quang binh,
357,"phu gia, phu my hung",
358,masteri thao dien,
362,17t11,
364,vinh loc,
369,phoenix vung tau,
374,"the show, ladiva quang binh, mat bien",
376,the show - ladiva qb,
377,mat bien hai ninh quang binh,
378,"the light phu yen, conric phu yen",
379,"the show, ladiva qb",
382,"takashi, nhon hoi new city",
384,sadeco,
386,dong nam thuy an,
392,vinhomes smart city,
396,ct5x2 linh dam,
397,nam tan uyen binh duong,
398,the forest,
399,"oanh thuan viet, thuan viet",
403,flc,
405,luxcity dien,
406,chanh phu hoa,
408,mipec,
416,"nhon hoi new city, flc, flc quy nhon resort",
418,"bien hoa universe complex, universe complex",
420,behomes,
423,green home dhtc,
425,van khe,
427,landmark 81,
428,an gia riverside quan,
431,the park home,
437,cat vinh,
443,"bea sky, vp6 linh dam",
447,d-homme,
448,vung tau pearl,
451,bien hoa universe complex,
453,him lam thu duc,
455,hh linh dam,
465,"the classia, the cassia",
466,"central capital, bac ban dao cam ranh",
470,"imperia smart city, vinhome",
472,"sun harbor plaza, harbor central",
473,"casa del rio, casa del rio hoa binh",
474,"sun grand city feria, sun premier village ha long bay, sun grand city feria ha long",
477,honas residence,
481,"alnata plus, diamond alnata plus",
485,"shoptel boutique hotel, sonasea van don harbor city, casino van don, sonasea van don",
488,ninh tho,
490,dai nam,
491,ky long,
492,"la carte ha long bay, a la carte ha long bay",
495,central park,
497,sun harbor plaza,
499,charm club,
504,la astoria,
505,legacy central,
507,lac long quan,
516,xi mang,
517,golden field,
518,an dao d.,
523,thang long number one,
529,tdc,
531,"khu do thi phuc an asuka, phuc an asuka chau doc",
537,summer square quan,
543,t&t thai son,
545,ban chcc sky center,
549,harbor bay ha long,
551,vingroup,
552,orchard garden,
553,kim van kim lu,
554,phong phu 4,
556,vien chan nuoi,
558,"novaland, the botanica",
563,centa city,
567,ecopark,
568,mars hotels dc,
575,five seasons,
577,nhon hoi new city,
579,"urban garden, dao",
580,"thao vien villa, hinode royal park",
584,"sky forest, ecopark",
585,anh minh,
586,goldmark city,
589,the landmark,
592,tan tien,
597,phu hoi,
605,homecity,
606,"grand palace river park, tnr grand palace river park",
608,"phu my hung, canh doi, don lap my quang",
609,"ngan thuan, stella mega city",
611,thanh xuan bac,
612,"safira, safira khang dien",
615,thien long,
625,phu my hung,
628,phu xuan,
630,xuan lam riverside,
633,"boutique hotel, shophouse grand world phu quoc sa",
635,dong say,
637,ct2 yen nghia,
639,vinhomes thanh hoa,
642,"legacy central, kim oanh real estate, legacy central thuan an",
644,tan loc home,
645,hung thinh,
648,"dat xanh, hoang thuc dat xanh",
649,mat rong - lap le,
652,rivera park,
653,phong phu,
657,binh hung,
659,the show flc quang binh,
661,feliz home,
666,tnr bim son,
667,"vinpearl, vinpearl nha trang bay",
676,cuu vien,
677,urban green,
680,ngoc thuy long bien,
684,phuc dong long bien,
687,long hau,
688,an lac,
689,dong hai,
691,"ecopark, lake",
703,minh khai,
712,phu nhuan 4,
715,"long hung, vin dream city, lan",
716,hateco xuan phuong,
724,"le roi soleil, penhouse",
732,jamona heights,
744,xuan mai complex,
745,avenue,
747,linh son,
752,"roman plaza to huu, roman plaza, roman to huu",
754,lovera park kdc phong phu 4,
758,khai hoan,
760,"jamona city, jamona city phu thuan",
764,don lap hd2,
765,"sky garden 2, phu my hung",
766,"saigon south residences, phu my hung",
769,"viet phu garden, lovera park, nam sai gon",
772,vuon vua resort,
781,global city,
784,hoang hai,
786,vinhomes ocean park,
787,"picity high park, picity high park quan",
788,nam vien - pmh,
791,huong an,
799,quang phuc,
804,"ciputra hn, sunshine golden river",
808,hai yen villas,
810,the zei chinh,
812,bau can long thanh,
817,flamingo,
825,hong long,
826,100,
828,"lux city sam son thanh hoa, flc lux city samson",
830,"the elite aqua city, aqua city",
832,vo nguyen giap,
833,trung van hancic,
834,"golden palace, the manor",
836,hoang mai,
840,the matrix one,
847,"the sang, the sang residence",
849,"sonasea van don harbor city, sill park",
853,my dinh thien hien,
858,l bao son,
861,z153,
868,parkcity ha noi,
885,green pearl bac ninh<unk>,
892,dong duc,
901,smart city,
906,toa lac,
911,vung dang,
921,time city,
935,lavita garden,
940,swan park,
942,go trac,
944,"vinpearl luxury nha trang, vinpearl, vinpearl luxury, luxury",
947,go trac phuong phu,
949,ct5 vinh diem trung,
952,van phuc ha dong,
954,ecolake view dai tu,
955,"lucasta villa khang dien, compound",
956,"mega ruby khang dien, compound, mega ruby",
958,"the venica, don lap, the venica khang dien",
965,"jamila khang dien, jamila",
973,thanh xuan complex,
974,park riverside quan,
982,ngoc thuy,
987,tan tay do,
988,j106,
991,anlax city flc sam son,
992,flc sam son,
996,bau cat,
1000,"1, dat xanh premium, the peak garden",
1014,phuoc my,
1022,sky forest manh,
1023,thinh vuong,
1024,"rose town, rose town ngoc hoi",
1025,"my dinh pearl, pearl 1",
1028,diem chau land,
1030,kingston residence phu nhuan,
1033,"td2 thuy van, thuy van",
1034,qn ninh,
1040,ben tre,
1043,fpt da nang,
1044,an phu an khanh,
1046,one world regency,
1053,gia hoa,
1057,carillon 7,
1060,me linh,
1062,ct1b,
1063,"cu xa duong, sonadzi",
1066,vinh diem trung,
1068,thong nhat,
1071,"downtown luong son, nam son invest",
1072,ccmn,
1076,bau xeo,
1081,"vinhomes ocean park the empire, vinhomes ocean park 2",
1083,"vinhomes riverside long bien, lap",
1084,vinpearl,
1085,dong,
1088,"phu my hung, hung gia hung phuoc",
1092,"vinpearl luxury nha trang, vinpearl luxury, luxury, vinpearl",
1094,"universe complex, shophouse",
1095,"sai gon garden, saigon garden riverside villa, vinhome grand park",
1096,"golden bay 2, nha trang, golden bay, cam ranh, golden bay 602",
1097,long thanh,
1102,"the platinum, sun marina town ha long",
1105,"udic westlake, ciputra",
1106,marina square,
1109,sunshine city,
1111,hung thang,
1113,"song lap ha do charm villas, song lap",
1116,"vinhomes riverside, hoa lan",
1118,sun world,
1119,eurowindow river park,
1124,ha do centrosa garden,
1126,vinhomes green bay me tri,
1127,waterpoint,
1128,oriental plaza,
1132,cu chi alo,
1135,pho dong prosper,
1139,city land park hills,
1140,vinhomes gardenia,
1141,ciputra,
1147,"the link ciputra, ciputra, the link 345",
1152,"uong bi new city, new city",
1153,do centrosa,
1155,phu ho,
1157,lavita charm,
1158,"lexington residence, lexington",
1166,wilton,
1168,"thanh tham phu my hung, phu my hung",
1169,cat lai,
1170,"cat lai, invesco",
1171,hateco laroma,
1175,"le meridien, lagoon",
1184,"my hung, phu my hung",
1189,vinh,
1192,samsora van phuc ha dong,
1193,dai thanh,
1195,"celadon city, gamuda land, shophouse diamond",
1197,go vap,
1201,wyndham thanh thuy,
1203,dat,
1212,"gia phat hl2, tri thuc cao",
1227,"venezia beach, venezia beach ho tram -, - vung tau, twog architecture",
1228,3,
1230,thach ban,
1232,rosa luxury villas,
1241,nhuan trach,
1246,ehome 4,
1251,him lam cho lon,
1252,ha do quan,
1254,ct7g,
1257,the western capital quan,
1258,"sun onsen quang hanh, sun beauty onsen thanh hoa",
1260,xuan mai reverside,
1264,"phu my hung, the crescent",
1277,nam long,
1282,xom lo,
1291,ct1c,
1297,sophia center,
1299,linh dam,
1300,minni,
1301,rosita khang dien q,
1306,"vinhomes grand park quan, long thanh my thu duc",
1313,xi grand court,
1315,mizuki park,
1316,nam a garden,
1321,"anh duong bds hai phong, mall, anhduong bds, thuy nguyen mall",
1323,"seaside phu cuong, seaside house",
1325,tang loc than tai,
1326,res green,
1336,vinperland,
1337,"aquacity valencia, thinh novaland",
1340,"ho tram, coastar estate ho tram",
1342,"phu my hung, q7 boulevard",
1346,"sun riverside village sam son, the harbor, the river",
1354,ch celadon city khu emerald,
1356,xa la,
1361,my dinh pearl,
1366,phu hoang anh,
1367,"sky 9, thu thiem garden, merita khang dien",
1370,van phuc city,
1373,oasis city,
1378,ngoc liep,
1381,nha trang,
1382,vinhomes skylake,
1383,my dinh 1,
1385,"tam ky ho sen cau rao 2, tam ky",
1386,duong noi,
1390,trung tren dia cac,
1392,"van phuc city, thang long home - hung phu, thang long home hung phu to ngoc van",
1393,"van phuc city, thang long home hung phu to ngoc van, thang long home - hung",
1399,"gia phu, gia phu binh chanh",
1404,becamex,
1406,opal,
1407,hotline ngay,
1408,terra royal,
1409,the golden armor,
1411,"phu dong premier, him lam phu dong",
1412,capitale tran duy hung,
1413,dreamland city,
1415,"vista verde, vista",
1416,tms phuc yen,
1417,"the manhattan glory, vinhomes grand park",
1419,"midtown phu my hung, sakura park, phu my hung, the symphony",
1420,vinhome grand park,
1422,nam long tran trong cung,
1430,le co,
1434,mega city kon tum,
1437,sunrise city quan,
1439,"river gate, rivergate",
1441,brg diamond residence,
1443,apec diamond park,
1444,golden city an giang,
1445,origami,
1446,hoa loi,
1448,dinh tai novaland,
1453,thuan phat nha pho,
1454,golden bay,
1459,garden gate phu nhuan,
1460,the prince residence,
1463,green stars,
1470,phuoc linh,
1471,doi huy hoang,
1473,shophouse,
1475,"golden hill, golden hills",
1478,"goldmark, goldmark city",
1489,ninh phung,
1490,thanh binh,
1499,ct36a dinh cong,
1500,cong ich q4,
1502,my phuoc 4,
1506,"1, dai kim",
1511,"vcn phuoc long, phuoc long 1",
1515,khanh son 1,
1518,binh nguyen,
1528,"phu chanh, vietsing",
1531,phuoc trach,
1535,"xuan thuy, mt",
1536,khanh hoa,
1550,mulberry lane,
1552,the sun avenue,
1562,song than,
1563,quang son,
1567,nha,
1569,"khu biet, thao dien",
1572,diamond brilliant,
1573,"the golden armor, b6 giang vo",
1577,"hung phat green star, phu my hung, green star",
1578,the golden star,
1581,sunshine riverside,
1585,"-, victoria premium",
1590,dolphin plaza,
1591,park view - iris tower,
1594,my dinh 2,
1595,charm city,
1597,"china town, grand world phu quoc, vinpearl phu quoc",
1598,ecohome - ecolakes,
1601,shr,
1604,khai son hill long bien,
1605,"lideco, lideco bac quoc lo",
1612,"ecopark, rung co",
1613,golden palace me tri,
1614,c3,
1616,"a1 riverside, era town town, era town, riverside",
1618,aic me linh,
1619,goldenbay,
1621,phuoc long 2,
1626,tecco center point,
1629,"regal legend quang binh, 1, regal ocean, the boutique hotel",
1632,richstar,
1635,"the harmona quan, the harmona",
1640,"aoen ha dong, geleximco",
1641,"ha do centrosa, hado centrosa garden",
1646,dream city,
1653,an trang,
1657,eco green city,
1659,danh thang,
1661,tho vinh thai,
1662,bcons polygon,
1669,the faifo complex,
1674,luong quy xuan non,
1676,an vien,
1682,"dao ngoc long phuoc, long phuoc q",
1688,royal city,
1691,gelexia riverside,
1693,thuoc bac,
1707,cat tuong phu sinh,
1710,berriver,
1711,the zei mi dinh,
1713,"kn paradise cam ranh, nikko - parasol, unique villas, nikko park",
1714,nha o cong nhan,
1719,onsen resort,
1735,ecolife capitol to huu,
1736,golden hills,
1740,king palace,
1742,ocean villa,
1745,vcn phuoc hai,
1746,"emerald, celadon city",
1747,"angsana residences ho tram, angsana, banyan tree, angsana residence ho tram",
1758,vin dream city,
1762,tri thuc cao,
1763,barya citi,
1765,ben xua,
1767,hung vuong,
1768,"mizuki panorama, panorama",
1775,goldsilk complex,
1780,ban botanica premier,
1781,"duong noi, an quy villa",
1782,splendora an khanh,
1784,sun ancora,
1785,seo my ty,
1787,van canh,
1789,ben cat center city 2,
1790,casamia,
1793,happy land dong anh,
1796,cu lao mai,
1798,"ngoc duong riverside, ngoc duong mo rong",
1799,seoul trang due,
1804,mo phu chai,
1806,tecco green nest,
1809,a la carte ha long bay,
1810,"tan duc, chuyen bds pho yen",
1812,"vista verde, vista verde q",
1816,le pont dor tan,
1817,hung phat 2,
1823,mega royal city tan,
1824,"phu my hung, canh doi",
1826,hung nhon,
1831,downtown,
1832,"xuan thoi dong, my hoa 4",
1834,"zenpark, vinhomes ocean park, the zenpark",
1839,nam hoa xuan,
1844,eco green sai gon,
1856,ha long xanh,
1861,aria vung tau,
1862,intracom riverside,
1864,"bitexco, masteri thao dien",
1866,lucky palace,
1874,"dat lanh, dong",
1875,"nhon hoi new city, nhon hoi",
1879,hud,
1881,citadine,
1888,thap cham xanh ninh thuan,
1893,quoc linh thang loi group diamond city,
1908,vinhomes symphony long bien,
1911,"baria city gate, ba ria city gate",
1912,tanphuland,
1917,geleximco,
1921,riviera cove,
1923,vinhomes green bay,
1926,rose mall,
1927,sun casa central,
1929,new galaxy nha trang,
1935,home city,
1937,"2, ba ria city gate",
1939,"vinpearl, vinpearl phu quoc",
1945,conic,
1948,vinhomes riverside,
1954,vin the emprie van giang hung yen,
1958,the zei,
1963,"riverpark residence, phu my hung",
1964,barimex,
1965,mai hien,
1968,bds,
1971,22,
1974,le thanh,
1987,"the zenpark vinhomes ocean park, ocean park",
1989,greenlife phong phu binh,
1995,mega village khang dien,
2003,lago centro,
2005,"stella mega city, stella mega city can tho",
2012,"xdhn, hud",
2013,dao,
2015,shophouse dien,
2025,"ms thao sale center, shophouse west gate, westgate, westagte",
2029,"diamond, di an, charm diamond, cao cap, binh duong",
2032,barimex long tam,
2035,giai viet,
2036,venezia beach - luxury residence & resort binh chau,
2047,dreamlife,
2052,vinhomes central park,
2054,shophouse eupore,
2057,luong dong,
2058,nam ban,
2059,golden westlake,
2060,"nen biet, nen shophouse",
2064,"hoang huy grand tower, vinpearl",
2074,park hill 4e,
2082,flc thanh hoa,
2085,"nam long, waterpoint",
2087,"san bay phan thiet, novawold phan thiet, novaworld phan thiet",
2088,"shophouse marina, aqua city",
2090,"vinhomes golden river, the victoria",
2092,tan viet,
2098,khe ca,
2100,phu chanh,
2104,phu gia,
2105,thanh loi ben luc,
2107,"dong bac thi tran bich dong, bich dong",
2111,7,
2112,jamona city,
2113,"midtown phu my hung, the signature, midtown, midtown m7",
2115,"van minh, the sun avenue",
2117,khu biet thu,
2123,la casta van phu,
2126,"park kiara, parkcity le trong tan",
2133,kim son,
2137,an khang villa,
2138,an khang villas nam cuong,
2140,"nine south, nine south nha be",
2143,"galleria, nam sai gon",
2144,flc twin towers,
2150,"an quy villas, an quy villa tap",
2151,"le roi soleil, le roi soleil tan hoang minh quang an",
2153,"flamingo dai lai resort, flamingo dai lai",
2155,tan binh,
2156,villa d the manor,
2157,flc tropical,
2160,vincom shophouse,
2162,mandarin garden,
2166,"tan hong - dong ngan, - dong ngan",
2168,"novaland, sunrise riverside",
2170,"victoria city, an thuan",
2172,"hinode royal park kim chung, kim chung di trach",
2175,vincomplaza,
2179,sun grand city new an thoi,
2180,my dinh song da dt,
2186,"the beverly, vinhomes grand park, the beverly vhgp, vinhomes q9",
2189,"the everrich 3, midtown phu my hung, sunshine city sai gon, phu my hung",
2190,"landmark, wilton tower",
2192,6th element,
2199,binh yen,
2204,hung,
2210,song lap hoa sua 11,
2212,"hoa lan 8, vinhomes riverside",
2216,vinh phuc,
2217,orchard park view,
2220,"phoenix 2, topaz elite",
2223,ha long,
2227,phuoc dong,
2232,tan phu trung,
2239,muong khen heritage,
2241,ha thien phuc,
2246,"ngoc trai, vinhomes ocean park, ecopark, ocean park, san ho, san ho 10, sao bien 19, shophouse sao bien 1, san ho 9, hai au, hai au 2, hai au 5, bien ho 10, sao bien, 6",
2251,celadon city,
2252,song khe noi hoang,
2253,cat tuong phu thanh,
2257,tan duc long an,
2260,"ch grand view, phu my hung",
2261,the panorama,
2268,"vincom center, sunwah pearl",
2270,dong tang long,
2275,"century city, binh son",
2276,"ta phin, sapa",
2277,"opal skyline, dat xanh group",
2279,tan tan quy,
2280,"penthouse serenity sky villas, serenity sky villas",
2282,"cau tram can duoc, cau tram can duoc long an",
2283,binh khanh,
2287,novaworld phan thiet,
2291,viet hung,
2294,hinode royal park kim chung,
2300,phu my van phat hung,
2311,anh tuan green riverside huynh tan phat,
2312,"103, kien hung luxury",
2315,"kimgres, bigos austdoor",
2318,"trung minh, hoa binh, casa del rio",
2323,binh an,
2326,savico,
2331,"thanh ha cienco 5, thanh ha",
2334,"novaland, novaland tan binh, botanica premier",
2338,heritage westlake,
2347,hong ha eco city,
2352,"high en villa, saroma villa dai quang minh, saroma dai quang minh, luxury villa, saroma thu thiem, saroma, thu thiem quan",
2353,"capella garden, capella nha trang",
2354,imperia,
2355,dragon hill 2,
2356,lach tray,
2359,sunshine,
2361,lucasta khang dien quan,
2364,akari city,
2365,binh minh,
2370,em dem,
2371,"sonasea van don harbor city, habor",
2380,"vinpearl nam hoi an, golden king",
2381,celadon tan phu,
2382,"duong noi ha dong, anland lakeview",
2383,tran binh,
2385,athena complex,
2387,"kikyo residence, don lap",
2388,"vinh tuong, thuong trung vinh tuong",
2396,hdi tay ho,
2397,ta li duong,
2398,the phoenix dan phuong,
2403,vsip tu son,
2407,"ruby, celadon city",
2410,thanh linh xa tan,
2417,dai kim,
2424,"starlake tay ho tay, tay, starlake",
2428,flemington,
2433,"new galaxy nha trang, block the green",
2443,8x dam sen,
2446,vp6 linh dam,
2447,hong thai,
2451,grand bay ha long,
2452,an cuu city,
2454,bien resort premier village da nang,
2459,the era town,
2461,"diamond island, urban green thu duc, urban green",
2478,di trach hoai duc,
2479,"the melody, ciputra",
2483,"vinhomes ocean park, the pavilion",
2486,summer square,
2488,chieng son moc chau,
2504,phu thuong,
2506,"west lakes, golf & villas, west lakes golf & villas",
2508,"ciputra, the melody - ciputra, the melody ciputra, ciputra ha noi, the melody",
2509,the capella garden,
2514,thao dien 1,
2521,- day - ba,
2523,vpqh,
2527,vin city,
2532,"dong duc, an suong",
2541,"gia jamona home resort, jamona home resort",
2542,sun grand city,
2545,the estella,
2548,dream home palace,
2551,mai linh,
2553,"cau giay, sky park residence",
2555,binh loi,
2556,rosita khang dien,
2558,"grand view, phu my hung",
2561,"belleza, era town",
2566,paradise,
2569,capella garden nha trang,
2572,lu gia plaza,
2573,"vung tau gateway, chi linh, gateway",
2575,"santorini villas, sunshine heritage, sunshine heritage resort, tropical villas",
2576,screc,
2586,"vinpearl, vinpearl nha trang",
2591,nam an khanh,
2592,saigon riverpark,
2596,hong rieng,
2606,sunshine garden minh khai,
2608,phodong village,
2613,o,
2614,an phu - an khanh duong,
2616,long tan phu hoi,
2619,waterfront,
2625,sun hdi tay ho,
2629,binh quoi 1,
2634,dao su tich,
2635,sun secret valley phu quoc,
2642,cc the legend,
2643,midtown m7 - signature,
2656,samland,
2660,goldview,
2664,saigonres plaza,
2667,empire city,
2669,"sun secret valley phu quoc, the avenue",
2670,a51,
2685,"yen son ha trung, yen son",
2694,"canh vin city dai, the golden an khanh",
2697,tang phu,
2699,"nha o xa hoi vinh long center apartment, shophouse",
2700,hung golden,
2702,vung tau melody,
2706,cc bea sky,
2707,wynham,
2713,thanh ha cienco 5,
2728,"gamuda, gelexia",
2730,binh loi cao cap,
2738,ruby garden,
2753,lai xa,
2758,golden star,
2775,him lam phu dong,
2779,"phu my hung, hung phuc premier",
2780,"villa, chdv",
2784,central hill,
2786,park river,
2789,residence vo chi cong,
2791,sunrise city,
2795,"dat xanh premium, one palace 2",
2797,"khoang nong, quang trach quang xuong",
2798,"topia khang dien phu huu, khang dien",
2807,vinhome long bien,
2809,"ciputra ha noi, ciputra, the link 345",
2810,"heritage west lake, zen in the city",
2811,topaz city,
2815,"ciputra, the melody ciputra",
2818,"dream town coma6, dream town",
2821,brg coastal city,
2823,the pride to huu,
2828,vinhome gardenia,
2829,"halong marina, a la carte halong bay",
2830,hoang anh minh tuan,
2831,him lam,
2837,northern diamond,
2840,phu quoc,
2842,2,
2843,"landmark, sapphire, landmark 81, sapphire 1, bitexco, 2, bitexco q1, bitexco q",
2846,gemek premium,
2851,lavita thuan an,
2852,"doi dua hoan my, doi dua complex",
2853,diamond connect,
2869,the tresor,
2875,"topaz elite quan, dragon",
2876,starlake,
2878,vinh hoa,
2882,"vinhomes oocean park 2 hung yen, vinhomes ocean park, khu biet thu lien, vinhomes ocean park 2",
2885,green life 13c,
2886,cam dinh,
2890,"flc sam son, grand villa, flc",
2900,casa de rio,
2901,q4,
2905,"citi bella 2, citi bella",
2906,"megacity kontum, mega city kon tum",
2909,citi esto,
2914,landmark,
2916,"- penhouse, happy one central",
2918,stella mega city can,
2929,phuc thuan tp pho,
2935,the everrich infinity quan,
2937,co co,
2940,"tram, best western premier",
2941,sencond home,
2942,hqc binh trung dong,
2944,loc phat,
2948,& villas,
2950,"an phu dong, hai dat nen",
2953,hiep thanh 3,
2954,doi,
2957,conic skyway,
2958,garden gate,
2959,wyndham hotel & resort,
2962,"mega city 2 nhon trach, mega city 2",
2971,feliz homes,
2977,amber court thong nhat,
2982,"van don, sonasea, sonasea van don, shoptel sonasea van don",
2985,"trump tower, my dinh",
2989,"vuon vua, vuon vua resort & villas",
2990,vinh phu,
2995,"lotter, lotter lac long quan",
3005,bo cong an,
3008,hoang thap,
3009,dong duong,
3010,"cty dong duong, dong duong",
3011,"korea park, shophouse, shophouse thuong mai korea park",
3020,my do vista city bac giang,
3022,trung son,
3025,lu gia,
3034,135,
3037,bach dang gold,
3038,bai truong,
3048,pham huu lau,
3056,minh tri soc son,
3059,"tsq galaxy, ngan ha van phuc",
3061,phu hoa 1,
3062,intresco 13e,
3063,topaz elite,
3065,"conic 13b, conic skyway",
3069,"trung yen plaza, trung yen, trung yen 9",
3077,kim long nam,
3078,"verosa park, the garden, the green",
3086,"ba ria city gate, baria city gate",
3088,bac binh,
3091,swan bay,
3092,khang gia f14,
3099,khang gia,
3101,"binh trung dong, the global city",
3110,nguyen thao dkhr,
3111,"aston luxury residence, 2",
3114,"the aston luxury residence, the aston",
3115,the aston luxury residence,
3116,"the aston luxury residence, booking sky villa, shophouse",
3117,ban chcc res green tower,
3119,ban chcc richstar,
3122,"landmark 81, astral city",
3125,x1 dia,
3127,truong luu,
3135,ngo thi nham,
3136,tan yen,
3137,eco town,
3144,eco green city nguyen,
3146,"vung tau pearl, vung tau",
3156,"bay, thanh long bay",
3163,dong vang phu man,
3164,ia20,
3167,2mt,
3171,louis dai mo,
3172,"13b conic, conic",
3180,sai gon airport plaza,
3182,my dinh,
3183,bien hoa new city,
3187,viglacera xuan phuong,
3193,an thuong,
3194,the terra an hung,
3195,sunrise central,
3196,"thuy van akaland, charm resort ho tram",
3197,tecco elite city,
3203,anland,
3204,phuoc loi,
3207,"cc anland lakeview, duong noi",
3208,gamuda botanic,
3223,"everrich infinity, everrich",
3227,zen tower,
3231,tam ky,
3239,ivory villas &,
3240,king crown infinity,
3245,panorama,
3247,gp invest building,
3250,eurowindow river park dong anh,
3252,200m2 re nhat goi,
3253,gamuda gardens,
3254,"landmark, bitexco, khuong viet",
3255,vsip 2 mo rong,
3266,"ha tay thien nien ky, thap thien nien ky",
3269,thuan phuoc,
3271,"nam thang long, ciputra",
3273,ten lua,
3274,"bien hoa universe complex, universe complex song",
3275,"sala dai quang minh, sarimi",
3279,hotel,
3287,"sadora, sadora apartment, bitexco",
3289,"maia quy nhon resort, bien, fusion maia quy nhon, maia quy nhon, the ocean villas quy nhon",
3294,"vinhomes ba son, vinhomes golden river",
3295,"shophouse thuong mai shophouse sarina dai quang minh, shophouse sala, shophouse sarina",
3297,sai gon mia,
3301,"duong noi nam cuong, an khang, nam cuong duong noi, an phu shop villa",
3304,richta house,
3307,khu nha o xa hoi dong anh,
3308,phu thinh green park,
3309,chanh,
3314,"happy valley, phu my hung, midtown, hung phuc property",
3316,"block cc, saigon riverside, grand nest khai vy",
3317,cotec phu xuan,
3318,"era town, riverside",
3319,khai son,
3324,hoa lac,
3326,"mat bien, grand bay ha long",
3327,louis,
3329,"sonasea van, homeliday sonasea van don, sonasea van don",
3330,"the victoria, van phu",
3337,ruby tower,
3340,an phu tay,
3341,viet hung long bien,
3344,thoi an city quan,
3345,danko city thai nguyen,
3346,quoc linh diamond city,
3348,"phu dong, sen viet",
3349,gem sky world,
3351,"thanh ha muong thanh, thanh ha",
3354,the sky,
3355,shophouse the center,
3358,center point,
3360,"villa, vinh diem trung, cong vien",
3367,la casta,
3375,bcons garden,
3378,tay ho river view,
3381,phu vinh phu cuong,
3382,"q7 saigon riverside, q7 sai gon riverside",
3383,"q7 sai gon riverside, riverside",
3385,mega city kontum,
3387,"vinhomes mong cai, vinhomes golden avenue",
3390,don lap vinhomes riverside,
3395,"hoa binh, midtown, midtown phu my hung viet nam, phu my hung, midtown mattan, the peak midtown, the peak",
3399,eco green,
3402,dabaco,
3406,bac linh dam,
3413,the marq,
3414,"saigon pearl, bitexco",
3415,"hung phuc, phu my hung, happy residence",
3416,"midtown phu my hung, phu my hung, midtown",
3419,"midtown sakura pmh, midtown, the signature",
3424,new horizon,
3427,botanic,
3428,binh son,
3433,thanh lien wynham,
3434,"& villas, huong sen",
3436,vuon vua resort & villas,
3443,kim quan thuong - viet hung,
3445,nam phu ngay,
3451,van phu invest dong yen,
3453,west lakes golf and villas,
3454,west lakes golf & villas,
3459,dinh thi thi thu duc,
3464,da nang,
3470,"phu man, komi laxury",
3472,phuoc long nha trang,
3480,"thong minh, tecco home, tecco home lien",
3481,"my khe angkora park, my khe angkora park quang ngai",
3486,chi linh 1,
3488,"chi linh 1, seaview",
3492,"vinhomes ocean park gia, vinhomes ocean park",
3507,duc trong xot,
3510,citizen,
3518,nam dao,
3521,nam dao phu quoc,
3536,vinhomes grand park,
3539,dao duy tu,
3542,chdv,
3545,de capella,
3546,him lam hung vuong,
3547,"hoang anh river view, landmark 81",
3549,louis city hoang mai,
3553,regal one river,
3554,"melosa khang dien, compound",
3558,the manor my dinh me tri,
3562,melody residence,
3566,khe angkora park,
3567,vista verde,
3569,ehome ii,
3570,dai hoc quoc gia 245,
3571,"the infiniti, keppel land quan",
3572,phuc an city,
3573,ha do,
3574,"shophouse, regal maison phu yen, regal maison",
3575,phu my vph,
3577,riverside residence phu my hung quan,
3578,scenic valley phu my hung quan,
3581,"lancaster ho chi minh, lancaster, lancaster eden villas, lancaster luminaire, residence club",
3591,xi grand court quan,
3592,lotus residence,
3601,dong hung 1,
3602,"an suong, dat gia garden",
3603,"jamona heights quan, jamona golden silk",
3612,dang xa,
3613,"trung hoa nhan chinh, ct1 vimeco",
3614,minh nhua,
3619,hola town 1,
3620,"hoa lac, da gao",
3623,"tan an, vin ha long xanh",
3626,the peak midtown,
3627,the icon - swanpark,
3632,the morning star,
3633,"diamond island, kim cuong",
3636,centa sg,
3652,q7 saigon riverside,
3662,"hoa binh, casa del rio hoa binh",
3672,vinhomes metropolis,
3680,dia oc my gia q,
3683,athena fulland tay nam kim giang,
3686,mega royal city,
3706,do thi moi binh duong,
3707,blue diamond,
3713,ht pearl,
3714,"gem sky world long thanh, dat, xanh care",
3715,"chuyen lakeview city, lakeview city",
3716,"loc an bs, tdc bs",
3717,ql1a,
3718,nhan hoa,
3720,ocean dunes phan thiet,
3726,hong tien pho yen,
3737,gia phat,
3738,thang long central city,
3752,green field 686,
3757,lakeside palace,
3758,"phu my hung, the antonia",
3759,diamond lotus riverside,
3763,hoang nguyen gia phat house,
3764,"new galaxy, bitexco, landmark",
3765,trang an complex,
3766,an thuan,
3768,"bien hoa universe complex, sai gon mia, universe complex",
3773,sky view chanh nghia,
3787,danko avenue song cong,
3800,"hnt son tay, son tay",
3802,vinhomes ham nghi,
3817,compound,
3818,an thuong 1,
3825,nam viet,
3838,river panaroma quan,
3840,sunview town,
3841,"ecopark, the landmark",
3843,tecco tham luong,
3845,the art gia hoa,
3846,golden center city 2,
3849,lumiere east 1,
3850,green field,
3867,"harmona truong cong dinh, bau cat",
3870,van minh,
3875,cityland garden hills,
3892,mipex,
3895,an thien ly,
3898,new galaxy,
3903,phuc dat,
3911,topaz twins,
3919,"dream home luxury, dreamhome luxury",
3925,phuong dong van don,
3927,sun ancora luong yen,
3938,lideco hoai duc,
3939,danko city,
3941,centa city bac ninh,
3946,"binh chieu, tdh riverview phuong binh chieu",
3947,terra rosa,
3952,an thoi phu quoc,
3956,vinhomes gadernia,
3957,the rivana,
3959,"kdt my dinh 1, my dinh 1",
3960,paragrus cam ranh toa lac,
3968,"dien nam dien ngoc, ha my, rosa luxury villas bac hoi an, rosa luxury villas",
3976,binh duc,
3993,cienco 5 me linh,
3995,phu do le quang dao,
3996,tecco diamond,
3999,"phu my hung, green valley",
4001,"phu my hung, midtown",
4002,midtown phu my hung,
4003,lideco bac quoc,
4004,"biet, lideco",
4017,the flemington,
4018,melody tan phu,
4019,tam duc tin,
4022,sky center,
4024,"ocean park, palivion, palivion premium, palivion premium t",
4032,the song,
4034,amber court,
4035,"akari, 2",
4041,the zenpark,
4044,"ciputra ha noi, sunshine golden river, ciputra",
4046,"the ambi, stella mega city",
4047,"maia quy nhon resort, maia quy nhon beach resort, the ocean villas quy nhon, maia fusion resort",
4060,homyland riverside,
4063,mega city 2,
4065,"maia quy nhon beach resort, villa, garden",
4067,richstar - novaland,
4069,bonanza duy tan,
4070,"landmark 81, bitexco, imperia an phu",
4071,"vinpearl, the guide awards, vinpearl bai dai",
4073,"goldsand hill villa, nova hill, goldsand hill villa mui ne",
4080,"trung son can, saigon mia",
4083,"long hung, bien hoa new city",
4086,charm sapphire,
4087,wyndham soleil da nang,
4090,van phat hung,
4092,"thao dien, masteri thao dien",
4100,binh tuan hp,
4104,le roi soleil,
4121,estella,
4123,khe 1,
4124,"cam dinh, sunshine heritage resort",
4127,green river,
4138,thao dien,
4140,blue diamond riverside,
4141,thong nhat complex,
4144,viet phat south city,
4149,florence,
4152,"van don, sonasea van don harbor city",
4155,an hung,
4156,"binh chieu 2, tdh riverview",
4161,himlam,
4175,stc long thanh,
4179,the gold view,
4183,"my khe, khe angkora park",
4184,phu cat,
4189,mega city,
4191,"mau, west gate",
4196,swanbay zone,
4198,roman plaza,
4201,shophoues geleximco le trong tan,
4203,my phuoc 3,
4204,my phuoc 4 ben cat,
4217,bo ke,
4225,vinpearl phu quoc,
4227,giang bien,
4233,"ho sen, ho sen a 51",
4235,"cam dinh phuc tho, cam dinh - phuc tho",
4236,hoa hau phuong dong green park,
4238,xuat nhap khau tong hop 2,
4240,hoa vang lucky land,
4244,"the diamond city, compound",
4246,ad3,
4258,"hoang huy mall, hoang huy mall 2",
4261,shophouse sun europe,
4265,hud trau cau garden,
4268,flamingo hai tien,
4270,tan uyen central point,
4271,"dao, dao hoa sen nha trang, lotus island, lotus island nha trang, dao hoa sen",
4278,sinh thai cam dinh,
4280,shophouse vinhomes ocean park,
4284,vinhomes symphony,
4286,harmony,
4292,"ht pearl, landmark",
4294,megacity,
4295,hateco apollo xuan phuong,
4302,"carillon 1, carillon apartment",
4304,vinhomes ocean park gia lam ha,
4308,hon sen vinh hoa,
4309,an gia star,
4310,tan duc,
4313,hinode royal park,
4314,goldmark,
4315,hc golden city,
4349,bcons plaza,
4366,melody,
4368,ixora ho tram,
4371,sai gon coop,
4373,jamila,
4374,celadon city emerald,
4377,tay nam,
4383,the sang residence,
4385,"mat bien, sun marina plaza, sun grand city marina, sun grand marina town",
4389,cam lam,
4391,"nam, nam thanh trung",
4394,ori garden,
4395,"city, bitexco, masteri thao dien",
4397,"the manor me tri, golden palace me tri",
4398,sudico my dinh song da,
4399,"the pegasuite, the pegasuite mt ta quang buu",
4402,"vinh diem trung, ct3",
4407,ehome s phu huu,
4417,phuoc long,
4427,"mizuki nam long, mizuki park",
4429,"keppel land, riveria",
4438,the ascent thao dien,
4447,"my kim 2, phu my hung, canh doi",
4448,"canh doi phu my hung, my hung, phu my hung",
4450,"chateau phu my hung, compound",
4455,my quang,
4464,"midtown phu my hung, midtown, the signature, the grande, the peak, the symphony",
4465,"the grand ho tram, korea infrastructure company limited, tuan chau",
4466,saigon south residence,
4467,my khe angkora park,
4469,king bay,
4470,do centrosa q,
4471,"ca cam phu my hung, everrich 3, block cc sunshine city",
4473,phu my an,
4475,"lovera vista, phong phu 4",
4487,"lan anh 1 lan anh 2, lan anh 5, lan anh 1",
4509,"kien cuong, dai phuc green villas, intresco",
4510,cantavil hoan cau,
4516,lan anh 1,
4518,"bau cat 2, bau cat 1",
4531,la carte,
4542,"the link, ciputra",
4550,khu nha o quoc hoi,
4555,sun square,
4558,"khai son hill, quy",
4566,khu ban co cam duc,
4577,"phu my hung, sai gon mia",
4579,the western capital,
4585,hoi xuong,
4586,ninh hung,
4587,"novaland, galaxy 9",
4592,song hong,
4596,phung chi kien,
4597,"the peak, midtown",
4603,kosmo tay ho,
4605,"meyhomes capital, phu quoc",
4611,binh thuan,
4613,lac son,
4620,chi dong vinaconex 9,
4624,t&t pho noi,
4626,"the empire la, vinhomes ocean park the empire, the empire, vinhome ocean park 2, vinhomes ocean park, royal wave, vinhomes ocean park 2",
4632,merry land quy nhon,
4635,lovera premier,
4636,ninh xuan ninh hoa,
4641,full tho vinh trung,
4645,anh tuan green riverside,
4647,ninh son-ninh hoa,
4648,"dragon, phoenix",
4649,van gia,
4652,docklands,
4658,"iris garden, ct1b, ct3, ct1a",
4661,river gate,
4665,kingston residence,
4667,celadon,
4670,kcn vinh loc,
4671,udic westlake,
4681,hoa binh green city,
4687,shopvilla,
4692,imperia garden,
4693,my gia,
4699,mipec xuan thuy,
4702,the sol city,
4709,"vinhomes green bay, thach thao",
4710,nam phuc,
4712,la casa,
4717,"pg an dong, pg an dong hai phong, pg",
4723,lu khau,
4726,phong chau tdc dat lanh,
4729,galaxy 9,
4730,3 tien hai thai binh,
4732,"ba hom tan tao a, 1, ly chieu hoang an",
4733,thien ma,
4741,viet phu garden,
4745,t&t -,
4747,samsora riverside,
4748,star village,
4749,"central hill, thang loi central hill",
4754,anh tuan,
4757,rach tom,
4759,dg 04,
4763,"san ho, kinh do anh sang, the empire, vinhomes hung yen, hai au, vinhomes ocean park 2",
4770,trung hoa nhan chinh,
4773,nga,
4778,phu an nam 2,
4785,song than 2,
4788,91b,
4793,"skybay suite, skybay, a la carte ha long bay",
4797,xuan kaitona,
4807,long thinh phu thu,
4811,shophouse himlam,
4812,gold view,
4814,ngoc khanh plaza,
4815,officetel river gate,
4828,tnr uong bi,
4834,ttt,
4837,don lap,
4839,"becamex binh phuoc, becamex chon thanh",
4842,"king crown infinity, apollo",
4843,hpc landmark 105,
4847,phuoc van phong bay,
4854,"bitexco, galaxy 9",
4865,"cityland park hills, cityland",
4866,suoi son,
4867,"tran khat chan, mini tran khat chan",
4869,regal maison,
4870,"phong lan, vincity tp thanh hoa, vincity",
4876,garden riverside,
4879,phuoc 3,
4885,"ciputra, lap",
4887,thuy xuong,
4889,bt7 viet hung long bien,
4890,complex ha dong,
4898,tan do,
4905,tdc dap tam ky,
4906,ct7 duong noi,
4909,"ho tram strip, ixora ho tram by fusion",
4912,stars yen bai city,
4914,new city thu thiem,
4918,"sonasea van don, villas wynham 2",
4922,an phu center,
4925,phuoc dong can duoc,
4927,"golden bay, hot golden bay 1",
4928,"xuan kaitona, my phuoc 3",
4933,"century city, century",
4941,hoa binh - centre,
4943,lideco,
4960,le thanh a,
4961,green dragon city,
4962,euro vilage 2,
4965,cienco 5,
4982,seasons avenue,
4990,huy hoang,
4994,"phu my hung, block cc sunshine city",
4996,"vinpearl, vinpearl golf land nha trang",
4999,hqc plaza,
5003,west bay,
5005,1,
5007,"novaland san, orchard park view",
5015,"casa del rio, casa hoa binh",
5024,30,
5031,botanica premier,
5035,dhqg,
5039,happy one,
5040,an phu shop villa,
5041,"tay ho tay, xuan la tay ho",
5056,"phuoc 1, my phuoc 4",
5065,q7 boulevard,
5068,xuyen a,
5070,"sunrise city, landmark, sunrise city view",
5076,ven bien,
5080,the botanica - novaland,
5087,hoa binh green,
5092,ecolife to huu,
5098,kenh 1,
5107,"avenue, villa avenue van tri",
5109,astral city,
5111,officetel,
5115,"meyhomes capital phu quoc, crystal city, shophouse premium",
5135,sala sarimi,
5137,khai son ngoc thuy,
5144,la casta van phu tower,
5148,"an phu an khanh, thu",
5150,"lynn time, lynntime, hotel, shophouse, aurora",
5162,richland city,
5163,gia dinh,
5170,green park duong dinh nghe,
5173,"central park, phuc hai",
5178,"doi nghe sy, doi tien phuong chuong my",
5179,picity high park,
5185,"quy nhon melody, flamenco tower, tropical tower, melody quy nhon",
5190,rose town,
5192,"ciputra, duplex udic westlake",
5194,"lakeview view city, lakeview city",
5200,cityland riverside,
5203,hinode city,
5212,"the aston luxury residence, sky villa, the aston",
5219,"scenic valley 1, phu my hung",
5223,giong ao,
5226,iris garden,
5230,vuon hong,
5232,"him lam vinh tuy, khu nha o him lam vinh tuy",
5238,van cu,
5243,hnt son tay,
5247,osaka,
5249,"the danube, the sava, park, the rivus, the seine 5pn, the rivus - gated design villas by elie saab",
5253,bim -,
5254,"gia hoa, khang dien",
5262,"trung minh, in 1, casa del rio",
5266,"cantavil an phu, cantavil premier",
5279,quan,
5280,lh em duy tu,
5287,gia,
5291,"casimia hoi an, casamia hoi an, casamia tp hoi an, montgomerie links, vong nhi",
5292,an ha,
5293,hoa lac premier,
5297,my tho riverside,
5299,one world,
5300,"ho tram, sanctuary ho tram",
5302,ciputra ha noi,
5307,icon 56,
5312,"la casta van phu, la casta",
5315,"vinhomes d "" capitle tran duy hung",
5323,"habitat binh duong, habitat, sembcorp gateway",
5326,lam ha,
5330,tnr,
5337,"the habitat binh duong, the habitat",
5338,ario park view,
5353,bau tram 3,
5356,nghia do,
5367,giao luu,
5371,prosper,
5379,bay,
5381,"udic westlake tay ho, ciputra",
5382,"xuan hoi seaside, xuan hoi",
5384,haruka - midori park,
5393,phu hong thinh 10,
5401,tho cu,
5403,cu xa lu gia,
5407,hoan cau - eco green,
5421,kosy song cong,
5427,cu dong thanh son,
5430,ch era town duc khai,
5431,goldsand hill,
5436,"la queenara hoi an, the peal hoi an",
5438,"phu my hung, scenic valley",
5439,"flc dai mo, thang long city dai mo",
5444,"phu my hung, riverpark residence",
5446,ocean park binh thuan,
5447,"hotline phong kinh doanh, ecoxuan lai thieu, shophouse",
5454,bao son green pearl,
5455,tu hiep,
5461,"nha o, an phu eco city, o, an phu eco city can tho",
5486,vinhomes,
5491,la queenara,
5493,camellia,
5498,florence my dinh,
5501,tara residence,
5502,"lakeside palace, da nang",
5503,happy home,
5505,sadora,
5508,"nam long nhu akari, akari city, nam long",
5509,phuc an,
5510,"belhomes hai phong, belhomes",
5511,"tnr dong mai quang ninh, xanh quang ninh",
5512,nhon trach,
5513,ben cui,
5516,era town,
5517,"ha long marina, aqua city ha long",
5519,"gold view, goldview",
5520,ha do nguyen van cong,
5528,"sunshine city, ciputra",
5539,vinhome smart city,
5540,orchard garden novaland,
5541,aquacity,
5543,"phuong dong green home, greenhomes",
5545,"phu xuan, cotec phu gia",
5547,"hoang quan, bac vinh hai",
5565,tera an hung,
5569,"vinpearl da nang, vinpearl da nang 2",
5570,the park residence,
5572,"dat lanh vinh thai, dat lanh nha trang",
5577,hung vuong plaza,
5583,ngoc tao phuc tho,
5586,bevelry hill ha long,
5590,"landmark 81, the peak midtown phu my hung, bitexco",
5591,van con hoai duc,
5593,"royal park, royal park hue, an van duong",
5594,918,
5595,"phu my hung, the peak",
5599,ba tung mo rong,
5601,"& clinic, novaworld ho tram, the tropicana",
5607,nguyen van vinh,
5612,metropole,
5613,the spring town xuan mai,
5617,"the gold view, bitexco",
5631,vinhome riverside long bien,
5636,vingroup mat tien,
5643,tho loc phuc tho,
5647,"sakura park, phu my hung",
5656,ct10b,
5658,"grand bay town house, grand bay halong",
5660,dai hoc quoc gia,
5661,suoi hiep,
5669,"phu my hung, phu my van phat hung",
5680,tecco dimond,
5683,"nam phu villas, don lap, phu my hung, nam phu",
5686,the garden hills,
5688,"hoa binh, hoa binh green city",
5689,"river gate, river gate quan, rivergate, thienhomes",
5690,"viettin bank, soleil, da nang",
5704,the song vung tau,
5710,quang minh - binh phuoc,
5713,kieu mai,
5719,binh tho,
5725,sungroup,
5728,my khanh 4,
5736,ban happy valley,
5740,golden land,
5748,"lakeside place, infinity",
5754,suoi hiep dien khanh,
5759,an nong 5,
5761,"tam huyet, green city",
5768,western pearl,
5769,069,
5776,thong,
5779,phuoc 3 - 4,
5784,"stc long thanh, golden land",
5785,golseason,
5788,do nghia,
5792,one world regency dien ban,
5794,nui long,
5795,ngan ha van phuc - galaxy,
5799,"vinhomesd, capitale",
5800,the zei my dinh,
5802,"topaz home, prosper",
5803,"vinhomes riverside, casa del rio",
5810,khu biet thu kieu dam,
5813,the link 345 ciputra,
5815,"vin wonders phu quoc, notting hill, shop vin notting hill",
5816,xanh villas,
5818,season avenue,
5823,"the link, the link ciputra, ciputra",
5828,sai dong,
5831,gamuda,
5842,"sunrise city central, sunrise city, sunrise",
5844,rivera park sai gon,
5851,saigon asiana,
5855,"an, sinh thai loc an, wem",
5859,"landmark 81, hung vuong plaza, bitexco",
5870,hamubay,
5871,bach thach,
5873,"hung vuong plaza, hung vuong",
5874,carillon 2,
5884,everrich infinity,
5885,"canal garden house, boulevard shophouse, canal detached villa, song, canal semi detached villa, canal shophouse, venezia beach luxury residences & resort",
5888,"vinpearl safari, phu quoc 2",
5893,nguyen tri phuong,
5909,my dinh pearl moi,
5910,riverside residence,
5916,  khang  ,
5918,mo lao,
5921,tu duong,
5928,"my, my khe, my khe angkora park",
5937,flora novia,
5944,"dong tang long an loc, dong tang long",
5946,royal house,
5951,golden city 6a,
5954,ngan long,
5955,diamond city duc hoa,
5956,marina,
5959,eurowindow,
5961,dien hoa,
5965,building mini,
5977,n09 thanh thai,
5986,hapulico,
5990,"vcn phuoc long 2 nha trang, phuoc long 2",
6001,vinhome green villas,
6004,golden 10,
6005,sceniabay nha trang,
6012,the tresor quan,
6016,song than 3,
6021,"vuon hong, tu son garden city dong ky, tu son garden city, tu son garden city bac ninh",
6024,"novaworld phan thiet, hotline pkd novaworld phan thiet",
6029,my thai - pmh,
6030,fiato premier,
6035,"khu, hoi an elite, nhi trung con thu hoi an",
6046,tien phuoc,
6049,"midtown lo, sakura park, the signature, midtown",
6053,new city,
6054,"sunrise iiib, sai dong",
6059,"hud me linh central, home stay, 2",
6061,caric,
6063,indochina plaza ha noi,
6066,s2 vinhomes ocean park,
6070,"nadyne gardens, ngoc lan",
6071,ho tram complex,
6074,van do,
6078,view phu my hung,
6080,hoa phuong,
6093,thu thiem dragon quan,
6100,6b kien cuong,
6102,"vinhomes west point, keangnam",
6103,vinhomes west point,
6113,"biet phu, de",
6129,sunshine green iconic,
6133,tan quy dong,
6134,regal maison phu yen,
6140,"hoang huy an dong, nha o xa hoi",
6145,m-one,
6151,tay an,
6157,"golden bay 2, golden bay 602",
6158,"novaworld ho tram, shophouse",
6162,an residence kdc thuong,
6165,"an thien ly, thien ly",
6167,vinhomes gardenia ham,
6172,lagoon,
6175,taseco n 03,
6179,"htl seaside, shoptel",
6180,casa del rio,
6181,westgate,
6183,"aqua city dong nai, aqua city novaland, lakeview city",
6186,"the empire, vinhomes ocean park 2",
6189,"novaworld ho tram, the tropicana",
6190,south tower phap van,
6191,vcn phuoc long,
6193,ngoai giao doan,
6196,stown tham luong,
6197,nam cuong hoang quoc viet,
6198,yen hoa,
6213,"shophouse, regal maison phu yen",
6221,"me linh plaza, long viet me linh, long viet",
6235,ocean land 9,
6242,my hanh hoang gia,
6244,huu thanh duc hoa,
6245,dai lo,
6247,an phu an khanh quan,
6258,"nha, compound",
6263,"q7 boulevard, phu my hung quan",
6264,"para grus, paragrus co so",
6266,horizon quan,
6269,melody residences au co,
6273,"an phu - an khanh, ap",
6303,novaland,
6304,novaworld,
6307,"the pega suite 1, the pega suite 2, the pegasuite 2",
6311,phu an nam,
6312,hqc,
6319,vinaconex - cat ba amatina,
6321,cdt,
6349,hong mai,
6354,"xuan non, oto",
6362,loc an,
6364,dong du,
6367,vai reo,
6370,new horizon city,
6380,garden court 2 pmh,
6391,"tecco thinh dan thai nguyen, tecco elite thinh dan",
6393,"kingdom 101, kingdom",
6397,"midtown phu my hung, midtown, penthhuse m, the signature, phu my hung, the grande, the peak, the symphony",
6398,"vinpearl nam hoi an, nam hoi an",
6399,"kingston residence duong, kingston residence",
6400,melody residences,
6401,"vinhomes gardenia, phuong vinhomes gardenia",
6402,"khai hoan paradise, khai hoan",
6414,dinh to,
6415,ngoc dong duong,
6417,sunshine city do dep,
6424,me tri thuong,
6428,dream home,
6435,tin hung,
6436,binh my cu chi,
6438,"mega residence khang dien, mega ruby, khang dien, mega ruby khang dien",
6448,phu xuan cang sai gon,
6449,ha quang,
6451,van quan,
6452,phuoc long a.,
6453,cuu long,
6457,jamona city q,
6461,the cbd,
6470,rivepark,
6471,green home,
6472,"richhome, richhome 2 thuan loi",
6473,tho am,
6475,"habitat binh duong, the habitat binh duong",
6476,"ho tram coastar estate, coastar ho tram villas",
6484,"sai gon - da lat, noi",
6486,"lancaster ha noi, lancaster",
6487,"an phu, estella heights",
6492,"vinhomes ocean park, eurowindow twin parks",
6494,bcons green view,
6497,nam vinh yen,
6499,hei tower,
6504,le grand jardin sai dong,
6511,khai son long bien,
6517,"scenic valley 1, saigon south residences, scenic valley phu my hung, scenic valley",
6518,"sora binh duong, sora gardens, sora gardens binh duong, sora gardens ii",
6521,"sunrise city, sunrise, sunrise city view",
6526,hqv,
6527,"melia ho tram, melia hotel international",
6530,aquarina,
6535,mizuki,
6536,dich vong,
6537,"ecopark, aqua bay",
6541,richstar novaland,
6542,"vinhomes central park, landmark, smart home, landmark 81, bitexco",
6556,"sunshine riverside, sunshine",
6560,melosa garden,
6561,rivera park vu trong phung,
6562,"new galaxy, new galaxy nha trang, an vien",
6563,"new city, vinh quy, an, bien hoa new city",
6568,nam vien,
6570,parcspring,
6573,"starlake h11, starlake",
6577,"safira khang dien, landmar81",
6578,"akari city, flora akari",
6585,golden city 5,
6587,"nam phong ap 3, nam phong",
6590,dragon village quan,
6598,le grand jardin,
6599,tokyu gardens,
6600,saigonland,
6615,"gem sky world, diamond, diamond parkview",
6618,phu my cho lon,
6619,"riva park, diamond island",
6620,"home of the elites, bitexco",
6624,ecohome 3,
6626,"the astro ha long bay, the astro ha long, the astro halong bay",
6628,green pearl,
6630,hoa sua vinhomes riverside,
6632,himlam co linh,
6633,b3xx,
6635,lavilla green city,
6639,"vinpearl land nam hoi an, one world regency",
6641,orchid,
6647,"trung minh, vinhomes riverside, casa del rio",
6648,"saigon mystery villas, sai gon garden riverside villa, villas, saigon garden riverside village",
6655,vinahouse,
6667,lang,
6674,pn-techcons,
6680,dai lam phat residential,
6686,vinhome smart city dai,
6693,"don lap nam thong 2, phu my hung",
6699,"becamex, becamex chon thanh",
6713,"x6, x6 thach ban",
6728,vingrand center,
6731,thanh tung bds vingrandcenter,
6737,"the aston luxury residence, astonista",
6752,lam son,
6758,"idico -, idico tan phu",
6768,"kdtm yen hoa, yen hoa",
6772,hoang huy,
6775,pg,
6786,cotec phu gia phu,
6788,"florita quan, sunrise city",
6792,kingston,
6799,binh long,
6803,ba van,
6810,binh nguyen di an,
6823,chu lai riverside,
6830,"phu my hung quan, my gia",
6837,bid residence,
6838,"savimex, zalo ut hue bdsq, phu my hung, cong thanh",
6843,regal pavillon,
6845,"the sun avenue, thanh my loi",
6846,"mui ne summerland, island, the island",
6853,green bay garden,
6860,"hoa hai son thuy, land",
6861,casamia calm,
6866,"thang long home hung phu, thang long home hiep phuoc, phuoc an",
6869,phu dien,
6872,moonlight dang van bi,
6874,sai gon riverside,
6876,the infiniti quan,
6877,"ho tram complex, ho tram",
6880,regal victoria - villas dao ngoc,
6881,song lap mon bay ha long,
6884,the everrich infinity,
6890,vincity,
6895,"hung phuc, phu my hung, chateau, happy residence",
6898,ct mhdi my dinh,
6899,"phu gia, orchid park, phu xuan",
6900,spendona bac an khanh,
6904,bach khoa,
6906,to ky tower,
6908,an bang,
6909,"stella garden, stellar garden",
6910,dinh hoa,
6918,"dong xoai 1,2",
6926,"scenic valley 1, scenic valley, midtown",
6927,rang dong,
6932,"casa lavanda, diamond bay mui ne, casalavanda",
6944,gia phu,
6945,"landmark 81, saigon pearl 2, sapphire 1, bitexco, saigon pearl",
6950,tam binh,
6959,lai xa kim chung,
6974,"thuong dinh, thuong dinh roiyal",
6981,mipec rubik 360,
6984,hoang huy grand tower,
6992,"luxury alphanam, four point",
6993,iris,
6994,ha do centrosa,
6996,my giang - pmh,
7000,golden bay 602,
7008,"phu my hung, phu my - van phat hung, phu my van phat hung",
7019,resgreen tower,
7034,"the eden city binh duong, the eden city, tai loc",
7044,hausneo,
7048,sun harbor plaza ha long,
7054,"dia oc 3, khang an",
7062,"duong noi, nam cuong, an quy, an quy villas",
7064,tuan dien phat 1,
7065,"golden bay, golden bay 602",
7067,"phu xuan cang sai gon, phu xuan",
7071,mega garden,
7075,"park view, park view apartment, iris tower dien, iris tower, park view thuan an",
7087,tl2,
7090,an suong,
7099,nam do - pmh,
7113,vinhomes gardenia ham nghi,
7116,ssgd,
7117,viet hai real estate,
7120,him lam quan,
7125,"jamila, jamila khang dien",
7126,"vista verde, vista verde thanh my",
7127,kim ngan an gia,
7131,"kim ngan an gia, mekong",
7134,"tan tuc, westgate",
7137,westgate park,
7141,babylon,
7146,idico,
7147,sunrise city central,
7150,"west gate, westgate",
7153,west lakes golf,
7158,"van phuc city, imesco",
7160,toa dragon 1,
7165,kim giang dt,
7171,ba,
7173,tay ho,
7175,"vinhomes ocean park, the pavilion premium, p3, the pavilion",
7177,"vinhomes ocean park, the zenpark",
7185,takara hoa binh resort,
7186,sun sam son,
7189,cang,
7191,"ciputra, ciputra ha noi, sunshine golden river",
7195,v. v,
7196,"gelexia riverside quan, gelexia riverside",
7202,"feliz en vista, feliz en visa",
7206,chelsea residences cdt,
7207,"midtown phu my hung m7, midtown phu my hung, phu my hung, south residences, midtown the symphony, the symphony",
7212,"vinhomes the empire, vinhomes 2 hung yen",
7218,hon ro 1,
7239,hung dinh city,
7240,le trong,
7253,"thanh ha cienco 5, thanh ha muong thanh",
7256,"phu my hung, xoay my thuy",
7262,gemek 1,
7265,cu xa phuc hai,
7270,villa park,
7271,"metropole galleria, thu thiem",
7273,"eurowindw river park, eurowindow river park",
7281,"masteri, masteri thao dien",
7289,sunshine ciputra,
7290,vincom shophouse vinh,
7293,"hong thai garden, an loi dong",
7295,hoa dao,
7300,diamond blue - viet nhan,
7308,"an khanh, yen lung an khanh",
7310,estella heights,
7314,the manor 1,
7319,than thien,
7320,kieu ky,
7345,trung yen,
7363,ct4 vcn phuoc hai -,
7364,"homeland, lakeside, bau tram lien chieu",
7366,sunshine center,
7367,"the suite, aqua city",
7368,"happy land, happy land dong anh",
7369,"vinaconex, kalong riverside city",
7370,cat lai invesco,
7374,kdt thanh ha cienco 5,
7377,"5, an nong 5",
7379,the global city,
7380,happy valley,
7387,times tower,
7391,laluna,
7399,"the aston luxury, the aston",
7403,"nha trang luxury apartment, the aston",
7406,yen bai riverside,
7409,an gia star binh tan .,
7410,"nam an khanh, nam an khanh hoai duc",
7412,vimeco nguyen chanh,
7414,binh chieu 2,
7418,ha huong,
7420,"thang long central city, thang long luxury",
7421,"12 promax, vinhome grand park",
7426,"the ascentia, the ascentia phu my hung",
7429,"phu my hung, the peak - midtown phu my hung, ban sky villas the peak midtown phu my hung",
7435,dragon pearl duc hoa,
7439,diamond residence,
7441,"ha tay millennium, hatay millennium",
7445,pnr estella,
7451,feliz en vista,
7453,"phu my hung, saigon south",
7454,my dinh plaza 2,
7460,saigon mystery villas,
7466,castia palm,
7468,one river,
7470,"the capella, my gia nha trang",
7471,"gia long real estate investment jsc, gs, gia long riverside",
7473,"vinhomes riverside, garden view, resort, lake view",
7474,dong green home,
7499,the royal da nang,
7500,chau thoi,
7501,sun onsen beauty thanh hoa,
7511,cong thanh,
7517,hoang anh an tien,
7520,"phu my hung, amelie villa, amelie villa phu my hung",
7525,sudico,
7527,"phu my hung, amelie",
7530,vinhomes golden river ba son,
7531,ricca,
7534,hoi dua,
7537,"jamonahomeresort.nhaoi.com, gia jamona home resort, jamona home resort",
7541,golden palace,
7551,"ha long, halong marina",
7554,"dong tang long truong thanh, dong tang long",
7555,"masteri thao dien 1, masteri thao dien",
7558,sala,
7562,"thang long city, flc",
7564,"phu xuan van phat hung, van phat hung",
7568,"vinhomes grand park quan, the rainbow",
7574,"phu my hung, green view",
7575,richstar cdt novaland,
7577,"lavila, lavila phuoc kien nha be",
7580,ha noi center point,
7588,"long cang residence, lotus riverside",
7598,"dat gia, dat gia garden",
7599,"1, an suong",
7603,dat gia garden,
7606,"nam tuan chau, cang nam tuan chau",
7613,nine south,
7614,indochina riverside towers,
7617,"hoang anh 3, new sai gon",
7622,"city hotel, lynn times phu yen",
7624,"gs metro, thanh nhut",
7627,"west gate, westgate park",
7628,"diamond alnata, emerald celadon city",
7629,rivera park ha noi,
7630,"penthouse duplex, duplex, sapphire palace",
7632,"jamona golden silk, jamona heights",
7645,"viet duc complex, logia 1, logia 2",
7657,goldseson,
7661,goldseason,
7663,"bikinishow, shophouse",
7664,le pont dor,
7667,c22 bo cong an,
7669,"phu my hung, grand view b",
7670,phu nhuan 1,
7674,vinhomes royal city,
7676,officetel rivergate,
7677,long son,
7678,starlake tay ho tay,
7680,"saigon pearl, opal tower@saigon pearl, opal tower saigon pearl",
7681,east gate,
7682,the rainbow,
7683,"vinhomes grand park, boutique villa",
7685,"origami, the origami, rainbow",
7686,vinhomes gran park,
7692,"century park, century garden, century city, century center",
7693,"bien hoa new city, gia bien hoa new city",
7703,vietsing phu chanh,
7704,dong tien,
7706,kingdom 101,
7707,the emerald,
7714,startup tower,
7738,"sadora, sala",
7740,asiana capella,
7743,one verandah quan,
7747,"golden mansion, novaland pho quang",
7749,"landmark 81, botanica prermier, botanica premier",
7757,phuc yen 1,
7761,el dorado tay ho,
7762,"centa vsip bac ninh, don lap",
7766,"the sun city phuoc kien, thanh nhut, lavila night south",
7767,cc golden land,
7768,everrich iii,
7772,"hoang huy song cam, hoang huy riverside",
7781,"the ky 21, landmark 81",
7782,"nam residence, chon dong nam residence",
7783,"novaland, sunrise city",
7790,"landmark 81, bcons polygon, bcons polygons",
7797,bien hoa new town 2,
7813,a1,
7814,hodeco plaza,
7817,"keangnam, vinhomes west point do, vinhomes west point",
7819,cau giay center point,
7820,linh tay,
7823,hoa sen,
7828,saigonres binh thanh,
7830,carillon 1,
7832,city garden,
7833,dat phuong nam,
7840,cat,
7842,ban ch tecco central home,
7845,topaz garden,
7851,carillon hoang hoa tham,
7854,lavida residences vung tau,
7857,"happy beach villas, tripple key, novaland gallery",
7863,"an gia, west gate",
7874,"vinaconex 1, vinata tower, roman plaza",
7884,five star kim giang,
7885,"eco dream, tay nam kim giang",
7891,"kingcrown, king crown thao dien",
7901,thuy loi 4,
7903,"richstar, novaland",
7905,ket bank,
7909,"tay, starlake",
7911,sun ancora so,
7913,"10 mau, parcspring phuong binh trung dong q",
7916,sing garden,
7933,"phu my hung, the peak - midtown, midtown",
7935,"phu my hung, the peak garden quan",
7937,the suite,
7940,"imperia grand plaza, shophouse",
7947,tdc dai phuoc,
7949,"sunview town, dat xanh",
7951,"botanica premier, novaland",
7955,geleximco le trong tan,
7959,phuong nam,
7961,"casamia calm, casamia calm hoi an",
7969,"khu biet, phuong nam",
7971,"nam long, nam khang",
7972,thanh pho ven song waterpoint,
7973,tms land hung vuong,
7976,dong van 1,
7985,"phuoc, my phuoc khanh, newtown 6",
7987,do centrosa garden,
7991,dht 44,
7992,melia at the hamptons ho tram lh,
7993,"ro, prosper pho dong",
7997,"skyvilla, sunshine metaland da nang, hotel",
7998,quy anh chi alo em,
7999,phuoc binh,
8000,phu my golden city,
8001,riverpark premier,
8006,"my kim 3, penthouse happy valley",
8007,citi esto cat lai,
8008,aurora,
8009,moonlight,
8011,"aurora ben binh dong, aurora",
8014,phuc hung real,
8021,jamona home resort,
8030,mandarin garden 2,
8033,eco lake view,
8036,"clubhouse, apricot",
8037,charm resort ho tram,
8040,"compound, lakeview city",
8042,lakeview city,
8044,cityland emart,
8052,pegasuite 1,
8058,"small swan park, swancity",
8063,grand view,
8075,"legacy central, tp thuan an - binh duong",
8076,"my kim 3, phu my hung, gs metro city nha be, gs metrocity nha be",
8077,t&t riverview vinh hung,
8080,gleximco le trong tan,
8100,hoang huy commerce,
8105,le phong 550,
8115,son ky 1,
8121,phu thanh,
8124,nguyen ngoc phuong p19,
8127,thanh da view,
8132,n01,
8134,dic phoenix,
8135,ct3 thuong dinh,
8145,gateway,
8151,"ba son, vinhomes",
8152,"palivion premium, pavilion",
8155,pegasus plaza,
8165,"ecopark, eco central park",
8171,"mau giao lien phuong ket tien, verosa, kdc mau giao tw3",
8172,"botique hotel, commercial villa",
8177,"long thanh, stc long thanh",
8178,mahattan glory vinhomes grand park quan,
8186,vinh truong,
8192,van phuc,
8193,long truong,
8194,"sonasea villlas & resort, sonasea paris villas",
8198,rosita garden,
8199,lavilla,
8213,compound huynh tan phat,
8215,golden hills city,
8226,"ocean suites, the ocean villas, ocean villas",
8231,tay nam linh dam,
8232,"an khanh, an tho dt, an thuong",
8242,htv phu thinh green park,
8244,"midtown phu my hung, the everrich 3, sunshine city sai gon",
8245,"gia long real estate investment jsc, gs metrocity zeitgeist city nha, gia long riverside",
8252,the elitte 2,
8259,"phu my hung, camellia garden",
8260,4s,
8266,"sanctuary ho tram, ho",
8268,"sky mansion, feliz en vista, toa altaz, altaz",
8270,centana dien phuc thanh,
8271,ho nai,
8288,"phuc dat, phuc dat 3",
8290,sentosa villa,
8294,trung tren,
8295,saigon riverside,
8299,tay ho residence,
8301,"grandplaza, brg 16",
8303,"greenhouse, don lap, chateau, phu my hung",
8305,mega city2 kim oanh,
8307,"xdhn, phuoc an",
8308,"hud 1, long tho phuoc an, hud",
8311,an khang,
8313,mega city - 1,
8317,richmond city,
8319,oasis,
8321,"nam phu villas, phu my hung, nam vien",
8325,"sun group, sun group sam son",
8329,"saigoncoop, osimi tower",
8348,"midori park the view, midori park the glory",
8349,van xuan,
8352,hoa hau huong dinh,
8378,shophouse lakeview city,
8380,florence -,
8384,"samsung village, samsung",
8389,the sun me tri,
8393,golden field my dinh,
8394,"dragon pearl duc hoa long an, dragon pearl, dragon pearl duc hoa",
8409,flc complex pham hung,
8410,grand the manhattan,
8413,"flc star tower, van phu victoria",
8423,dream garden,
8428,hien huu,
8430,areco,
8454,"the sol city, the diamond city, quoc linh",
8459,the goldview quan,
8462,wilton tower,
8473,leman luxury,
8476,everrich quan,
8477,kingdom,
8484,smart home thong,
8488,"king crown infinity, sky villas",
8497,binh chanh,
8501,"chi linh, chi linh 26",
8503,chi linh,
8516,"regal le pavillon, le pavillon",
8517,mimosa ecopark,
8518,"tresor, the tresor",
8521,vela chinh,
8522,"opal tower, opal garden, opal riverside",
8529,phuoc ly,
8531,"vinhome riverside, viet hung",
8550,"ha do centrosa garden, ha do centrosa",
8551,hoanh son complex,
8555,lanh anh 7b,
8559,four point bien,
8564,"doji tower, diamond crown plaza hai phong",
8565,starlake tay ho,
8567,vinhome ha tinh,
8568,an suong q12,
8569,"vinh hoa nha trang, vinh hoa",
8572,phan xich long,
8574,sky villas,
8591,"an khanh, thang long capital, thang long capital an",
8596,"cityland garden hills, cityland garden phan van",
8602,terra an hung,
8605,dong ngan,
8606,phuoc loc,
8610,"thu thiem dragon, landmark 81",
8613,"citibella 2, citi bella 2",
8625,"an don, 4",
8627,ha do greenview,
8631,verosa park khang dien,
8640,ch centum wealth,
8641,sonasea van don,
8652,phu loi,
8661,"de lagi 577, de la gi, de lagi",
8663,hiep tien,
8666,hiep thanh,
8667,"vuon vua resort, vuon vua, vuon vua resort & villas",
8678,quang hung thanh hoa,
8685,"moonlight centre point, moonlight center point",
8704,"hai au, vin marina",
8721,apec,
8726,bitexco,
8727,hoianreal,
8729,"city, aqua city dao phuong hoang bien hoa",
8730,"daresco duc hoa 3, daresco",
8733,"feliz en vista, sky loft, altaz",
8735,giai viet & central premium,
8736,zoneland,
8737,xuan tay,
8739,"k3 starlake, starlake",
8740,hon rom,
8741,mat bien xuan thuy,
8742,xuan thuy hon rom mui ne,
8744,"ciputra ha noi, the link 345",
8747,"phu dong premier binh duong, landmark 81",
8749,"toa tilia, empire city",
8750,"palm heights, keppel land singapore",
8757,athena complex phap van,
8775,tan dinh,
8776,"happyone centrall, becamex, happy one centrall",
8777,d3 phu hoa,
8783,vcn phuoc long 2,
8796,ct6a,
8797,-,
8798,"vinhome ocean park, the empire hung yen",
8802,"the estella, the infiniti",
8803,"citi home, citi esto, citi bella 1, imperia an phu",
8805,"golden bay, bay 602, golden bay 602",
8807,vinh tan vsip 2 mo rong,
8812,booyoung,
8813,t30,
8820,"lakeside, shophouse",
8830,"nam rach chiec, lakeview city",
8831,"viet nhan villa riverside, vinhomes grand park q 9",
8832,"the zenpark, panorama",
8836,"the sound, bay phan thiet, thanh long bay",
8845,"dien thuan star hills, 13",
8846,"geleximco le trong tan, geleximco",
8851,"the sun avenue, van minh",
8856,lk an hung,
8858,"vista khang dien, phong phu 4",
8859,"chanh nghia, sky view chanh nghia, skyview",
8864,la carte ha long bay,
8866,thang loi central hill,
8872,dream home luxury,
8876,lakeview city dt,
8878,bcons bee,
8880,penhouse,
8885,hon thom,
8886,"midtown phu my hung, the peak midtown, the peak",
8888,"midtown phu my hung, the peak midtown phu my hung quan, the peak midtown phu my hung, phu my hung",
8889,"landmark 81, phu my hung, the peak, bitexco",
8890,"midtown the peak, landmark 81, phu my hung, bitexco",
8893,him lam long bien,
8901,casamia hoi an,
8905,phuoc kien a,
8906,long an,
8908,gelexia,
8930,west lakes golf & villas tran anh group,
8935,"the zen park, zenpark, vinhomes ocean park",
8939,thanh tan,
8943,yen ha,
8953,the aston,
8957,vinaconex mong cai,
8980,viet duc complex,
8983,citi soho,
8984,"landmark 81, citi soho cat lai",
8988,mat bien,
8994,vinhomes ba son,
8997,vinhomes golden river,
9003,yangbay hl 62,
9005,"victoria, -, vinhomes golden river, bitexco",
9007,"khang dien, topia garden khang dien",
9013,"harmony squre, harmony square",
9018,sai gon garden riverside village,
9019,"inoha, inoha city",
9020,"landmark 81, vinhomes central park binh thanh, vinhomes",
9025,"naha lakeview dong ha quang tri, naha lakeview",
9030,4s linh dong,
9037,mallocar city,
9042,vu kieu,
9050,becamex chon thanh,
9052,binh chieu,
9056,thuan phat,
9059,"green riverside huynh tan phat, biet thu",
9069,phong phu khang dien,
9072,tung thu,
9073,lovera park khang dien,
9075,happy city,
9076,"stars city yen bai, tnr stars city, tnr star yen bai, tnr stars yen bai city",
9077,17,
9080,cu biconsi hiep,
9084,phan tu,
9086,vins residence long cang,
9087,"son dong hoai duc, son dong center",
9095,five star eco city,
9099,city millennia,
9100,"vinh phu, marina tower",
9102,dong tao,
9110,"land mark 72 - keangnam, nam trung yen",
9113,apartments,
9117,khanh thuong,
9123,aristo hotel,
9126,"home of the elites, millennium",
9129,kim son tp hcm,
9130,"savico, sunview town",
9137,the viva city,
9148,citi bella,
9154,intresco,
9155,an phu,
9156,an phu - an khanh,
9157,"chi dong, me linh plaza",
9158,"vinhomes ocean park, the empire, the empire - vinhomes ocean park, the empire vinhomes ocean park",
9161,truong dinh hoi,
9162,"vinh phu 1, marina tower",
9164,hoa xuan,
9173,thien ly,
9175,saigon royal,
9178,dong thi nam bau ri,
9189,tan phu,
9198,megacity kontum,
9211,the jade orchid,
9225,tri kiet,
9227,"duplex, la astoria",
9229,sunshine riverside phu thuong,
9235,"vinhomes grand park khu, truong luu, centana dien phuc thanh, rio grande",
9237,tau,
9248,lien co cau giay,
9251,"son kim land, serenity sky villas",
9259,4,
9263,"mat tien bien, homestay ven",
9267,trung nghia,
9268,an binh tan,
9282,"nam long phu thuan, landmark 81",
9283,rosa villas,
9286,"land go vap, david",
9291,belleza,
9294,"kien hung, mipec kien hung",
9295,lo voi cot 8,
9300,duong hong mt,
9307,dinh suoi mon,
9321,"vinhomes grand park, cu lao",
9326,bac linh dam hoang mai,
9343,dong bo phu luong 2,
9345,hon ro i,
9347,hung long,
9349,the terrace lao cai,
9355,son thuy,
9357,"3, 2",
9358,eurowindow twin park,
9359,"tdc suoi lon, suoi lon",
9360,central thang loi,
9361,"ocean villa, bwp charm resort ho tram",
9362,ct36 dinh cong,
9363,"tu hiep, tecco diamond",
9364,kinh doanh,
9367,diamond city,
9369,"the metropole, the galleria, the crest, shophouse giai, shophouse metropole thu thiem",
9372,hon ro 2,
9376,phu ngoc,
9384,sapphire vinhomes ocean park,
9389,the ky moi,
9391,eco 6,
9392,"tay ho tay, tay ho residence",
9393,"mega royal city, mega royal",
9396,lavida residences,
9408,no trang long,
9411,hang,
9416,lagona binh chau,
9418,"the sailing, wyndham, the sailing quy nhon, bien",
9419,"sao, sao grand silverland mt ly",
9421,"bai dai cam ranh, mystery villas",
9423,vinhomes thang long,
9424,"linh dam, vp3",
9430,"lovera premier, lovera premier khang dien, phong phu 4",
9434,sentosa riverside,
9435,do,
9444,"sunshine city, jamona",
9446,sadeco ven song tan,
9451,goc de,
9453,tho shr,
9457,city tower,
9460,"vinhomes dream city, vinhomes dream city hung yen",
9463,- an khanh,
9468,shophouse htl seaside mat bien,
9480,suoi tien huong lo 39,
9482,long phuoc,
9485,thu bt4,
9487,"compound, hung thai, phu my hung",
9489,"aquamarine, angsana, sanctuary club, angsana residences ho tram, angsana ho tram",
9491,the empire - vinhomes ocean park 2,
9493,"ecopark, sky oasis",
9497,"penhouse, pearl",
9522,ba cu,
9527,aqua bay park1,
9530,"estella, estella heights",
9532,"house cityland, cityland, cityland park hills",
9545,"zenpark, vinhomes ocean park, vinhomes",
9561,kim long city,
9566,office building,
9572,luong son thuong xuan,
9578,"hqc plaza, hoang quan",
9579,spring town,
9581,farmstay,
9582,vinhomes grand park quan 9,
9584,eco green saigon,
9586,"kingdom 101, kingdom, fpland, 101",
9588,"camellia garden khu biet thu, camellia garden",
9595,"mega city, thuan loi",
9604,tai loc & hanh phuc,
9605,etown,
9640,rung sac binh khanh can,
9645,thanh ha,
9660,mau than,
9675,richland,
9683,vinhomes riverside long bien,
9687,green dragon city cam,
9689,phuc hung,
9725,erowindow tran duy hung,
9726,"nam vien homestay, nam vien",
9734,thi tran ben luc long an,
9735,huyen ky,
9740,"my dinh song da sico tower, dolphin plaza",
9749,shophouse gs - han quoc,
9750,"regal signature, boutique hotel, regal legend quang binh",
9753,"centa vsip, centa city vsip",
9765,mong hoa,
9770,idico tan phu,
9773,my phu 3 - pmh,
9774,nam vinh hai,
9776,tan thanh,
9782,van phuc doc bun van khe,
9783,discovery complex,
9784,dam phuong,
9785,stellar garden,
9788,phuoc thien quan,
9795,"phu my hung, the park residence",
9796,solar city,
9797,thanh loc 29,
9800,binh phuoc quang minh,
9801,hong kong tower,
9807,"dragon smart city, dragon",
9809,epics home,
9811,lieu giai tower,
9815,long hai shr,
9822,mega royal,
9825,bohemia le van thiem,
9839,cua phu,
9849,"hud, thanh hung",
9866,precia,
9873,"la maison, la maison de",
9889,tc,
9893,citihome,
9894,can gio,
9896,park legend,
9921,van khe - la khe,
9925,"bidv hung vuong, tay hung vuong",
9929,river park,
9931,vin silk village,
9936,"rio bonito, centana dien phuc thanh, rio grande",
9945,an gia,
9952,tophill,
9968,di trach,
9974,tan tra,
9976,minh hung,
9978,my xuan,
9980,imperial plaza,
9982,nam long bau bang,
9985,ct,
9989,centana,
9991,gold coast,
9993,helios,
9997,don lap my van,
