Unnamed: 0,individual,alias
2,6,phường
3,8,phuong
5,loc an,tại phường nào
9,binh hung hoa a,tại p nào
11,tan dinh,o phường nào
14,hiep binh huoc,o p nào
15,thanh xuan trung,nằm ở phường nào
19,van hoa 3 vi,nằm tại phường 
23,van dau,nằm tại phường nào
27,thuy xuan tien,thuộc phường nào
28,11,thuộc phường ?
29,bau can,gần phường nào
31,an 2 bac,tai phuong nao
34,tan huc,tai p nao
36,huoc lai,o phuong nao
37,5,o p nao
43,9,nam o phuong nao
46,ham duc,nam tai phuong 
47,hoa chau,nam tai phuong nao
48,10,thuoc phuong nao
51,an hu,thuoc phuong ?
54,bo de,gan phuong nao
56,xuan truong,
58,hoa minh,
59,tu hiep,
60,tan dong hiep,
61,tan quy,
62,tan son nhi,
63,dai kim,
64,thanh thoi a,
65,8 hoa,
66,duc thuong,
67,hoa khanh,
68,hoa son,
69,tan huoc,
70,hoi nghia,
72,khue my,
73,long binh,
74,buu long,
75,kim chung,
76,hu hoa,
77,duc binh tay,
78,binh hung hoa,
79,7,
80,hu thuan,
81,14,
82,ngoc thuy,
83,binh an,
84,di an,
85,an thanh,
86,hoa khanh 5,
87,thanh huoc,
88,huoc tan,
89,trang dai,
90,thi tran dak mil,
91,binh trung dong,
92,thi tran thu thua,
93,tan hu trung,
94,huoc thanh,
95,hiep thanh,
97,tan my,
98,an binh,
99,an khanh,
100,linh xuan,
101,nhan chinh,
102,doi 61,
103,tay thanh,
104,thanh hu,
105,thi tran di linh,
106,an khe,
107,hoa khe,
108,hoa quy,
109,xuan hiep,
110,tru van tho,
112,duc lap thuong,
114,my khanh,
116,thoi hoa,
117,an 2 tay,
118,thoi 8 thon,
119,dong hoa,
120,hoa hiep bac,
121,dinh du,
127,binh yen,
129,12,
131,hu my,
139,xh,
142,kim dinh,
143,thanh my loi,
144,dong luong,
148,my da dong,
149,my an,
152,2,
156,nguyen cu trinh,
158,hoa thang,
162,hu my hung,
166,cau kho,
167,binh tho,
168,thanh tri,
171,yna,
174,sen tri,
177,qui duc,
183,hong tien,
188,19,
195,3,
197,xuan mai,
201,luong son,
203,4,
205,tan quy tay,
209,lai thieu,
211,hu luong,
213,tan hu,
215,da kao,
216,trung lap ha,
217,van quan ha dong,
218,hoa binh,
222,tan hanh,
240,hoa thach,
243,loc thanh,
244,huc dong,
245,thuy xuan,
246,binh chanh,
248,thi tran huoc vinh,
249,tan binh,
250,my,
253,thi tran chi ne,
254,binh hoa,
259,13,
260,tan lan,
262,chinh gian,
264,trung chanh,
265,an hu tay,
266,huoc the,
267,ngai tu,
268,quang chau,
270,thac gian,
271,xuan thoi thuong,
274,hu la,
275,duc hoa thuong,
276,long son,
277,thanh luong,
278,thi tran tan khai,
279,cuor dang,
280,hiep binh chanh,
281,huoc kien,
282,tang nhon hu b,
283,15,
284,an hoa,
285,hoang van thu,
287,trung an,
288,tan kieng,
289,binh chuan,
291,thanh loc,
292,hu trung,
293,hu thu,
295,long truong,
296,thai my,
298,thi tran tan hu,
302,thao dien quan,
306,dong hoi,
310,hu vinh,
312,1,
313,son tay,
321,loc an binh son,
323,binh son loc an,
326,hoa xuan,
330,kien hung,
331,hu long,
337,huoc my,
339,cuc,
341,soc son,
347,loc tan,
353,tan quy quan,
356,hong thai,
360,cua duong,
361,xuan canh,
364,binh hung hoa b,
384,tan,
387,dien toan,
389,trau quy,
392,tay mo,
394,ky son,
405,binh thuan,
411,tan nhut,
418,ho nai,
419,ben cat,
426,5 ha,
429,vinh luong,
434,hu tho hoa,
437,vinh tru,
453,go o moi quan,
458,lieu,
465,hu huu,
466,cam 2 dong,
469,tan tuc,
472,bai chay,
473,trung minh,
480,khanh hu,
482,yen hoa,
484,hung vuong,
485,ha long,
486,hoai duc,
488,ninh tho,
489,tan thuan tay,
492,hung thang,
494,tang nhon hu a,
496,cam duc,
499,huoc thuan,
501,so dau,
502,thang,
522,suoi nghe,
529,van gia,
531,vinh my,
532,nhon 2,
538,duc hoa,
539,mai quy nhon,
543,long hau,
551,cam tan,
554,hu,
556,thuy,
557,do,
560,hu xuan,
562,minh tien,
570,ho,
574,chanh hu hoa,
576,an ninh tay,
578,huoc loc,
581,quat lam,
583,xuan o,
587,thao dien,
593,linh chieu,
596,26,
610,my khe 1,
619,dai cat,
620,mai lam,
622,dien dong,
629,minh tri,
631,quang 2,
634,nha be,
638,thang nhat,
642,thuan giao,
653,binh hung,
654,tan chau,
655,8 anh,
658,thanh khe dong,
664,buu hoa,
668,binh my huyen cu,
670,sai dong,
672,3 hang,
673,my dinh,
674,ninh tan,
675,van quan,
679,bao hieu,
682,5 ban,
695,ham thanh,
696,bau don,
712,thanh my loi quan,
720,cam nghia,
724,quang an,
727,cu khoi,
729,nghia hu,
733,canh,
740,lac xuan,
745,my huoc 4,
748,dong du,
749,yen hu,
751,ben thanh,
754,tan liem,
759,duong quang,
768,binh loi,
770,huong son,
773,loc duc,
774,thanh nhan,
782,dak nia,
784,3 diem,
787,thanh xuan,
791,4 tri,
796,minh hung,
799,tan uyen,
802,tu y,
811,lai uyen,
821,25,
827,nguyen thai binh,
828,quang cu,
831,linh 5,
832,dien an,
837,hau nghia,
838,nga tu so,
841,vinh loc a,
846,da huc,
852,tan chanh hiep,
861,dong anh,
864,linh trung,
872,huoc hoi,
873,tan dan,
874,xuan la,
875,van hu,
879,hoa long,
887,tan loi,
889,bau bang,
890,an hu dong,
891,co nhue,
897,mnh,
900,song may,
901,tay mo dai mo,
902,thanh my,
903,bac lenh,
904,duc thang,
905,tan tien,
906,gia lam,
908,tan giang,
915,minh hu,
918,ham cuong,
920,vac,
926,huc loi,
927,my huoc,
929,hu hoi,
931,cay gao,
934,long chau star,
937,minh thanh chon thanh,
942,hu khe,
943,5 huoc,
944,hon tre,
947,khe,
962,tan hung,
963,3 trai,
967,thanh liet,
976,suoi nho,
982,gia quat,
983,la khe,
999,duc giang,
1002,mong hoa,
1014,dai,
1027,8 hiep,
1031,an nhon tay,
1035,ea drong,
1050,8 trinh hoang mai,
1057,tan thoi hoa,
1061,my hoa,
1068,16,
1074,quang tien,
1078,son my,
1084,cam hiep 5,
1085,van hung,
1095,vo thi 6,
1104,cay keo,
1107,8 thuan,
1130,ninh thuong,
1132,thai my cu chi,
1142,truong tho,
1144,ben muong thanh duc,
1154,bim son,
1161,ma da guoi,
1170,cat lai,
1173,duong noi,
1179,thach ban,
1184,thi tran nha be,
1188,hon sen,
1190,tinh quang,
1195,son ky,
1200,8 huoc,
1205,khai quang,
1207,long hung,
1209,binh tan,
1210,ky,
1211,kien khe,
1212,huoc nguyen,
1213,my hanh 5,
1216,tdc huoc hung,
1232,dien duong,
1239,hop thanh,
1240,tan vinh,
1244,binh son,
1248,binh khanh,
1249,dong ngac,
1258,quang yen,
1260,thanh binh,
1264,my hat,
1265,cho,
1268,ngoc lam,
1277,lai hung,
1278,khue trung,
1281,suoi da,
1282,thuong thanh,
1283,hoa son luong son,
1287,nui thanh,
1289,loc hu,
1300,tan thanh,
1327,an tay,
1328,bac hong,
1333,long thanh my,
1335,dao nguyen,
1344,long hoa,
1353,nghi son,
1354,son ky quan,
1364,loc thuan,
1380,ngoc liep,
1381,loc ngai,
1389,duc lap ha,
1390,tay tuu,
1391,vinh hung,
1392,8 hu,
1395,lang dai,
1396,hiep huoc,
1400,hu loi,
1404,dong hu,
1421,24,
1423,nguyen cu trinh quan,
1424,cau ong lanh quan,
1427,an lap,
1429,binh binh,
1430,an lac,
1432,vinh loc b,
1434,dak ha,
1435,hu tan,
1453,binh quoi,
1457,cam ha hoi an,
1458,tan huong tan hu,
1462,lien hiep,
1478,hu dien,
1486,mo lao,
1496,chon thanh,
1504,bau trang,
1508,dien ban,
1519,vinh thanh,
1521,song trau trang bom dong nai,
1524,nguyen khe,
1527,nhuan trach,
1528,hu chanh,
1533,xuan thoi son,
1536,suoi tien,
1548,hu rieng,
1556,mo hu chai,
1563,quang son,
1564,an ha,
1576,huoc binh,
1597,ganh dau,
1623,van thang,
1629,bao ninh,
1645,hoa thanh,
1658,me linh,
1665,huoc 2,
1676,vinh truong,
1681,huoc an,
1682,long huoc,
1683,tan hung thuan,
1684,tan thon nhi,
1685,thai,
1692,lagi,
1704,giang bien,
1715,binh tri dong a,
1731,minh quang,
1734,dan ha,
1736,hoa hiep 5,
1753,tan hiep,
1758,nghia tru,
1761,duong dong,
1762,an huoc moi,
1766,8 an,
1779,ky anh,
1782,van canh,
1783,loc thang,
1785,ta van,
1789,an dien,
1794,tien xuan,
1795,tho,
1796,an hoa 2,
1799,bac son,
1800,truong thi,
1801,tan an,
1803,hin ho,
1805,y ty,
1807,long thanh,
1815,truong thanh,
1820,nga,
1826,tan kien,
1832,xuan thoi dong,
1853,mai dich,
1870,nai hien dong,
1876,vinh thai,
1880,hoang xuyen,
1892,dien tan,
1893,huu thanh,
1895,cong vi,
1904,suoi cat,
1907,vinh,
1911,long huong,
1926,2 son,
1927,vinh tan,
1928,buoi,
1936,kim dinh long huong,
1943,my dinh 1,
1947,yen lac,
1949,thang 8,
1951,binh my,
1952,vong thi,
1955,huong dao,
1956,kim boi,
1964,long 8,
1966,ninh hu,
1973,dien son,
1979,khanh thuong,
1981,xuan bac,
1985,la nga,
1986,ta thanh oai thanh,
1991,dich vong hau,
2000,thi tran,
2001,yen duong,
2009,ngoc ha,
2021,huong van,
2023,hiep tan,
2052,22,
2061,can giuoc,
2068,an thuong,
2087,tien thanh,
2093,nghia do,
2096,hoanh bo,
2104,hu cuong,
2107,bich dong,
2124,ha bi,
2128,my huoc tan binh hoi nghia,
2129,loc hung,
2157,ha khanh,
2167,tien duong,
2175,cam binh,
2176,nguyen khe dong anh,
2187,f son ky,
2200,an vien,
2207,huoc hoa,
2209,tan khai huyen hon quang,
2211,tan thoi nhat,
2212,viet hung,
2231,an son,
2232,tan hu trung huyen cu chi,
2236,dien xuan,
2237,hu thanh tan hu,
2239,man duc,
2242,vinh tho,
2243,an ninh,
2247,ngoc hiep,
2250,vinh dien,
2266,"da m "" ri",
2268,ben nghe,
2275,hoa hu,
2276,sapa,
2277,lai theu,
2279,tan thanh tay,
2284,linh tay,
2292,tan trao,
2313,ham van 2,
2317,my le,
2319,binh tri dong,
2323,binh thang,
2324,doc lap,
2333,doi,
2343,huc,
2352,dai quang minh,
2358,dai mo,
2368,dong la,
2372,huoc hoi-dat,
2373,tho loc,
2375,tt,
2377,kien,
2379,xom tro,
2380,binh minh,
2385,hoang liet,
2388,vinh tuong,
2405,yen lung an khanh,
2406,tan kim,
2410,huoc tx lagi,
2416,kim giang,
2430,dong yen,
2441,hung long,
2458,huoc,
2459,duc khai,
2461,kp6,
2465,tien xuan huyen thach that,
2488,y,
2505,cat lai quan,
2511,linh dong,
2521,tan lap,
2525,cu chi,
2530,hoc mon,
2540,hoa cuong,
2564,17,
2568,tan duc,
2573,nguyen an ninh,
2578,dai binh,
2584,duc hoa dong,
2622,huoc khanh,
2624,dx06,
2640,quantan binh,
2650,van huoc,
2658,ben cui,
2659,sap mai,
2662,hung hu,
2666,liet,
2676,hu an ben cat,
2679,quang trung,
2680,trung hoa,
2683,tien duoc,
2685,ha trung,
2686,co bi,
2691,loc ninh,
2693,tan thoi hiep,
2697,huoc long b,
2698,nha bich,
2701,binh trung tay,
2712,han rang,
2721,dien hu,
2735,vinh trung,
2738,yen binh,
2748,trung my tay,
2767,thai hoa,
2769,2 huyen dat do brvt,
2773,huoc long tho huyen,
2778,quang,
2790,thien dong,
2794,duc dien,
2800,di trach,
2803,vinh huoc,
2817,ninh an,
2821,ngoc xuyen,
2827,thua duc,
2841,long tan,
2863,kien a,
2865,da kao quan,
2878,vinh hoa,
2886,hiep thuan,
2893,chuc son,
2897,ninh giang,
2915,hoa cuong 5,
2931,cao son,
2956,thien huong,
2958,hu nhuan,
2976,long binh tan,
2984,dong hung thuan,
2988,tan thanh dong,
3007,bao quang,
3011,hoi,
3015,hiep an,
3020,my do,
3030,ben luc,
3046,van lung an khanh,
3052,2 van,
3059,galaxy,
3065,hu my hung quan,
3083,my hanh bac,
3093,tan thuan dong,
3094,ham ninh,
3099,f14,
3103,dat do,
3121,an thang,
3122,viet huong,
3131,xuan quan,
3138,cam thanh,
3142,dong khe,
3152,lap an,
3154,khanh xuan-hoa xuan,
3156,hola beach,
3157,long thoi,
3184,thong nhat,
3196,thuan huoc,
3211,thuy khue,
3221,mh,
3235,lien son,
3256,co giang,
3275,an loi dong,
3277,ta thanh oai,
3289,cat tien,
3291,giang dien,
3293,van noi,
3294,3 son,
3299,cam 2 tay,
3301,an vuong,
3304,an 2 dong,
3310,le hap,
3320,hu man,
3338,ninh hiep,
3339,huoc dong,
3340,tay,
3344,thoi an,
3349,long duc,
3352,giay,
3354,an thoi,
3362,yen trung,
3378,hu thuong,
3379,7 le duc tho,
3388,gia hoa huoc long b,
3394,xuan thoi thuong 7,
3401,hoa nghia,
3428,binh duong,
3457,binh chieu,
3461,hoa huoc,
3492,da ton,
3499,quynh coi,
3503,dai nghia,
3504,thanh lap,
3513,cau,
3515,vinh 2,
3542,xuan thuy thao dien,
3565,dong mai,
3566,tinh khe,
3581,lang thuong,
3601,kdc an suong,
3602,tan xuan,
3618,dien dien,
3619,mieu,
3621,minh tan,
3634,man thai,
3635,hu thuan quan,
3643,long hiep,
3655,hien ninh,
3671,luong binh huyen ben,
3684,yen nghia,
3687,xuan que huyen cam my,
3689,hu lam,
3692,minh an,
3694,thua,
3699,lung dong,
3708,go cong,
3719,khanh toan,
3724,apec,
3731,xuan dinh,
3746,han thanh,
3747,8 thuan dt,
3748,tan dinh quan,
3763,tay thanh quan,
3767,hoa an,
3777,ha mon,
3784,hu cat,
3787,bach quang,
3800,trung son tram,
3808,vinh an,
3813,hu son bac son,
3824,hon xen,
3831,khanh ha,
3836,khuong viet,
3857,2 ninh,
3864,thuong dinh,
3872,vinh khe,
3893,kieu ky gia lam,
3896,da ton gia lam,
3902,hu man quoc oai,
3908,dak mar,
3909,tho quang,
3915,hoa cuong bac,
3937,dinh thanh,
3957,vinh hu,
3970,quan hoa,
3983,hang kenh,
3990,dong son,
3993,tien,
4003,troi,
4004,tram troi,
4013,khoang mai,
4023,cam lam,
4026,tay lan,
4034,khach,
4038,di ai,
4043,thang son thanh son,
4049,vu ban lac son,
4050,hu thanh,
4051,minh duc,
4052,tra khe,
4053,anh dung,
4072,lien mac,
4073,mui ne,
4081,dong hung thuan q,
4111,dan chi,
4132,dien lac,
4157,xuan non,
4158,hang bo,
4169,khanh binh,
4180,tran hung dao,
4214,cam thanh bac,
4217,thanh minh,
4228,nghia tan,
4240,cam le,
4307,xuan,
4314,cau dien,
4324,ai mo,
4325,hop,
4331,hoa 2,
4343,dien,
4380,nhi binh,
4389,dinh suoi mon,
4391,hu dong,
4412,thanh xuan q,
4418,ngoai giao doan,
4462,thanh xuan 21,
4489,tan lac,
4491,tu hoa,
4492,thanh xuan 5,
4496,hiep thanh go dau,
4523,xuan tao,
4536,long khe,
4537,dinh hoa,
4551,long 2,
4580,khuyen luong,
4582,xuan thuy,
4585,suoi hiep,
4614,tan thuan,
4634,hong liem,
4640,thach yen,
4642,hoa loi,
4645,hu xuan nha be,
4646,hoa dong,
4647,dt7,
4672,an dong,
4673,ham thang,
4678,hoa hiep,
4683,xuan hoa,
4694,cao duong,
4718,dak djrang,
4723,ta hin,
4733,co dong,
4735,huoc long,
4738,hoa hung,
4752,lien co,
4757,nhon duc,
4759,quoc oai,
4760,my huoc 3,
4767,hung loi,
4768,ha tri,
4775,dong da,
4804,hang gon,
4824,thuan xuyen,
4862,go vap,
4879,chuyen my huoc,
4893,ngai duong,
4894,bac ha,
4901,lo son,
4905,vinh niem,
4907,ky long,
4926,lai,
4929,tien yen,
4932,quan 5,
4936,cay sung,
4946,huoc 3,
4952,sai son,
4970,tan hoi,
4973,thien tan vinh cuu,
4977,ha khau,
4994,cau hu thuan,
5012,ta goc,
5013,dien huoc,
5014,tan chanh hiep quan,
5027,le minh xuan,
5035,thach hoa,
5037,bang la,
5044,ham,
5047,hu huu q,
5048,tan thuy,
5057,dien khanh,
5063,dai ang,
5107,kim no,
5117,hoa thuan dong,
5119,kenh,
5120,binh thoi,
5125,xuan kaitona,
5134,tan hop,
5139,trung hoa nhan chinh,
5142,tan tao,
5161,da trach,
5171,trung liet,
5172,f5,
5185,nguyen van cu,
5207,trung lap thuong,
5208,hinode royal ark,
5214,thuy son,
5217,nguyen trai,
5227,thon bac,
5229,huoc lam,
5232,long bien,
5241,van tho,
5248,thinh hat,
5252,hoa nhat,
5271,an hu dong q,
5283,q1,
5292,ham van 2 binh chanh,
5298,minh hung chon thanh,
5310,dong my,
5346,dai khang,
5359,nga 6,
5362,suoi tan,
5367,thuoc co nhue 1,
5388,vi tri,
5406,dang,
5409,vo thi,
5410,cao,
5424,an lac a,
5427,cu dong,
5428,ena,
5435,tch,
5437,mai dam,
5441,vinh tien,
5445,dien hoa,
5461,hong loan,
5481,la,
5482,bich hoa,
5507,ky lien,
5513,huoc minh,
5516,hu my quan,
5533,do nghia,
5542,- 5,
5550,nhat tan,
5575,khanh thanh bac,
5593,thuy van,
5594,long tuyen,
5653,thuan hu,
5673,"cu m "" gar",
5675,bla,
5692,han son,
5693,quang minh,
5696,tan thuan dong q,
5698,song binh,
5706,song luy,
5714,tan thong hoi,
5729,binh tri dong b,
5733,loc chau,
5739,lo 25,
5743,xuan ngoc,
5791,xuan dong,
5795,van huc,
5800,my dinh 2,
5822,tan thoi hiep q,
5824,song xoai,
5849,quang long,
5872,ta nung,
5876,thanh an,
5877,du sang,
5896,tang trung,
5908,dang 2,
5920,tan minh soc son,
5921,cao thanh,
5928,my tra,
5929,ham liem,
5938,dinh-quan,
5975,bac hu,
5980,cam loc,
5989,"b """,
5992,ha bang,
6008,thuong xuan,
6021,dong ky,
6035,an bang,
6043,bmt,
6053,vinh quy,
6056,van thanh,
6070,arkcity,
6092,duong,
6122,lien nghia,
6132,yen bai 3 vi,
6152,quynh loi,
6154,hung dao,
6165,gia hoa,
6167,nghi,
6188,2 chau 1,
6203,quy my,
6204,bao hoa xuan loc,
6237,ninh so,
6240,duc hoa ha,
6243,huu thanh h duc hoa t long an,
6249,goc queo,
6252,d 2,
6268,tu son,
6333,my luong,
6348,han chu trinh,
6353,cao vien,
6367,hu cat quoc oai,
6369,bai cao vien,
6372,trung,
6391,thinh dan,
6399,nhuan,
6414,le chi,
6421,minh thanh,
6441,hoang tan,
6471,lien bao,
6473,lien ninh,
6474,van con,
6508,my thanh,
6539,hu thi,
6566,hiep hu,
6575,ham tien,
6603,gia hat,
6608,tan tay,
6619,18,
6625,loc tho,
6628,vinh tuy,
6650,ma tre,
6651,chau,
6659,hoa long 3 ria,
6665,nga my thuong,
6695,tran hu,
6811,an duong,
6820,dakao,
6823,8 anh 5,
6846,hu 2,
6860,tin,
6886,quyet thang,
6903,5 hong,
6916,huc tien,
6933,quy duc,
6936,long an,
6951,me tri thuong,
6955,thoi hoa thi,
6960,kim long,
7034,long nguyen,
7038,van tra,
7068,hoi dinh hoa,
7069,hang bai,
7082,le gia land,
7086,bien giang,
7144,to huu ha dong,
7145,dai thanh,
7171,thanh xuan quan,
7186,quang xuong,
7196,hoang mai,
7201,ninh xuan,
7205,apd,
7239,an nhon,
7303,thinh lang,
7324,sa thay,
7354,duc,
7376,dong,
7394,dmc,
7401,hiep thanh 35,
7415,da huoc,
7418,lien ha,
7438,kao,
7464,thang loi,
7488,yen vien,
7536,dong duong,
7543,showroom,
7586,dai lanh,
7619,xem,
7631,yen vinh,
7638,ngoc khanh,
7656,hoe thi canh,
7665,me tri,
7673,cai tac,
7713,van hoi,
7738,thu thiem,
7775,long thuong,
7778,binh trung tay q,
7832,21,
7834,gia binh,
7853,gia khang truc,
7877,hoa vuong,
7913,binh trung dong q,
7924,dong thai,
7956,binh dinh,
7958,khanh vinh,
7968,my hanh,
7982,lieu lam,
7984,hu my cho lon,
7985,my huoc 2,
7991,dht,
8004,lieu giai,
8071,eakao,
8082,27,
8083,binh trung tay quan,
8086,tai loc,
8097,tan van,
8099,dinh van,
8101,nong truong moc chau,
8146,tan khai,
8174,thanh long,
8176,lao hu,
8180,cu yen,
8222,atd,
8223,cong thon,
8233,quynh mai,
8253,huc tho,
8264,long dinh,
8269,bau chinh,
8280,dien tien,
8282,sung khang,
8284,hu thuy,
8286,tho thap,
8307,long tho,
8309,moc chau,
8325,quang cu hia dong,
8327,tan chinh,
8345,ngoc 2,
8359,trang cat,
8363,truong yen,
8365,hong son,
8371,ngu 2,
8373,luu,
8392,hanh huc,
8415,hocmon,
8418,ha lam,
8446,sen chieu,
8489,trung dung,
8499,trung kinh,
8511,3 dinh,
8513,my hanh duc hoa long an,
8526,hu ninh,
8528,an dao c,
8589,chanh nghia,
8600,thanh xuan bac,
8625,an cu,
8664,tan binh t,
8665,dai tap,
8679,huoc long a,
8691,tuc trung,
8694,tuong ta,
8701,an hu - an khanh,
8703,binh tri,
8706,dinh ca,
8708,can thanh,
8724,hien 5,
8743,hon rom,
8751,tan thoi hoa quan,
8759,khanh 5,
8765,tu dinh,
8769,gia thuy,
8782,bang,
8806,xuan linh,
8817,nghia huong huyen quoc oai,
8823,long my,
8849,lam san,
8853,an khang,
8867,thuan minh,
8894,cau 3,
8897,da,
8898,dang lam,
8911,dai lao,
8919,loc hat,
8939,8 thanh,
8997,3 son quan,
9019,dai xuyen,
9024,thuoc tan thuong,
9060,lam dong,
9064,diem,
9072,cat 3,
9076,huc loc,
9085,linh,
9095,huoc ly,
9102,dong tao,
9119,yen lap,
9130,8 binh,
9157,chi dong,
9178,hoan lao,
9190,hiep hoa,
9195,xuan tho,
9201,khanh hiep,
9203,vong 2,
9209,dien tho,
9215,dong thanh,
9231,an cuu,
9245,17 go vap,
9252,f6,
9255,dak rmang,
9267,hop duc,
9283,bt7 - 4,
9287,ha loc,
9288,hu ngoc,
9295,hong ha,
9324,ai nghia,
9341,nhut ninh,
9360,huoc loi,
9370,yen hoa ark view,
9394,trung duong,
9416,binh chau,
9432,tan dong,
9434,dien ngoc,
9436,thuan loi,
9452,cu jut,
9478,huoc kien nha be,
9487,don lap,
9524,da kao q,
9540,song hanh,
9583,dong cham,
9619,ha quang,
9630,luong hoa,
9631,quang thanh,
9656,giap dai ang,
9657,la hu,
9676,song trau,
9688,dung tien,
9701,binh thanh,
9709,lang lon,
9716,duyen thai,
9729,quyet tien,
9781,dan hoa,
9809,co nhue dt,
9814,kho,
9820,hung loc,
9823,hoa trung,
9826,can duoc,
9862,ttn,
9883,hu thinh,
9889,ho co,
9905,cua,
9906,huc dien,
9916,hung thinh,
9924,hung dinh,
9926,thuoc tan dong hiep,
9947,van nhan,
9953,khuong mai,
9967,khe my,
9996,kieu trung,
